Region,Year,Rainfall,Air_Temp,Humidity,Wind_Speed,LST,Soil_Moisture,Elevation,Soil_Type,NDVI,EVI,EarthData_Source,Forest_Loss_HA,Forest_Loss_Risk,Reforestation_Suitability
Khyber Pakhtunkhwa (KP),2021,1019.5099999999993,11.326739726027407,61.87468493150684,2.17,11.326739726027407,30.93734246575342,1000,1,0.204,0.133,Khyber_Pakhtunkhwa__KP__2021.tif,291.29031589375666,0.5825806317875133,0
Khyber Pakhtunkhwa (KP),2022,996.6500000000001,11.847095890410968,62.956246575342455,2.17,11.847095890410968,31.478123287671227,1000,1,0.164,0.107,Khyber_Pakhtunkhwa__KP__2022.tif,439.2420122983776,0.8784840245967551,0
Khyber Pakhtunkhwa (KP),2023,992.4600000000004,11.582931506849311,64.92471232876713,2.18,11.582931506849311,32.462356164383564,1000,1,-0.229,-0.149,Khyber_Pakhtunkhwa__KP__2023.tif,194.7817407264708,0.38956348145294156,0
Islamabad Capital Territory & Margalla Region,2021,1920.5399999999988,21.72720547945205,59.40893150684933,4.37,21.72720547945205,29.704465753424664,1000,1,-0.006,-0.004,Islamabad_Capital_Territory___Margalla_Region_2021.tif,218.6937974265939,0.4373875948531878,0
Islamabad Capital Territory & Margalla Region,2022,1678.0399999999981,22.030465753424654,60.98008219178078,3.26,22.030465753424654,30.49004109589039,1000,1,-0.288,-0.187,Islamabad_Capital_Territory___Margalla_Region_2022.tif,85.54498819623973,0.17108997639247947,1
Islamabad Capital Territory & Margalla Region,2023,1387.4599999999994,21.531041095890412,63.31224657534245,3.36,21.531041095890412,31.656123287671225,1000,1,0.098,0.064,Islamabad_Capital_Territory___Margalla_Region_2023.tif,235.45741241477543,0.4709148248295509,0
Punjab,2021,305.16,26.80090410958904,38.42232876712327,4.85,26.80090410958904,19.211164383561634,1000,1,0.369,0.24,Punjab_2021.tif,499.7927114770888,0.9995854229541776,0
Punjab,2022,609.3199999999999,26.55561643835616,44.59008219178084,6.3,26.55561643835616,22.29504109589042,1000,1,-0.017,-0.011,Punjab_2022.tif,118.90343697484437,0.23780687394968875,1
Punjab,2023,550.3799999999997,26.038602739726016,44.620301369863014,4.92,26.038602739726016,22.310150684931507,1000,1,-0.144,-0.094,Punjab_2023.tif,303.4797299420585,0.606959459884117,0
Sindh,2021,214.78,28.77210958904108,37.92810958904111,7.32,28.77210958904108,18.964054794520553,1000,1,0.339,0.203,,153.66550152895365,0.30733100305790734,0
Sindh,2022,884.98,27.482821917808234,52.259232876712346,6.91,27.482821917808234,26.129616438356173,1000,1,0.473,0.284,,63.25667991329294,0.12651335982658587,1
Sindh,2023,245.67000000000004,28.407205479452077,42.058328767123314,6.24,28.407205479452077,21.029164383561657,1000,1,0.346,0.208,,456.11573474122207,0.9122314694824442,0
Balochistan,2021,85.03000000000002,22.75079452054793,24.84646575342464,6.83,22.75079452054793,12.42323287671232,1000,1,-0.283,-0.184,Balochistan_2021.tif,327.6177251210492,0.6552354502420984,0
Balochistan,2022,314.1099999999998,22.701616438356165,34.12109589041098,5.42,22.701616438356165,17.06054794520549,1000,1,-0.482,-0.313,Balochistan_2022.tif,169.5703551707167,0.3391407103414334,0
Balochistan,2023,744.4299999999997,23.008438356164373,33.048547945205485,5.03,23.008438356164373,16.524273972602742,1000,1,0.042,0.027,Balochistan_2023.tif,462.9920943967993,0.9259841887935986,0
Gilgit-Baltistan (GB),2021,355.73999999999984,-3.8067397260274,64.15863013698626,2.95,-3.8067397260274,32.07931506849313,1000,1,0.324,0.211,Gilgit_Baltistan__GB__2021.tif,588.9095938577921,1.0,0
Gilgit-Baltistan (GB),2022,361.06999999999994,-2.9401369863013715,66.63983561643838,2.64,-2.9401369863013715,33.31991780821919,1000,1,0.147,0.096,Gilgit_Baltistan__GB__2022.tif,525.0635429220661,1.0,0
Gilgit-Baltistan (GB),2023,378.63999999999993,-2.8378082191780822,64.69586301369864,2.72,-2.8378082191780822,32.34793150684932,1000,1,-0.023,-0.015,Gilgit_Baltistan__GB__2023.tif,304.9144980161121,0.6098289960322242,0
Azad Jammu & Kashmir (AJK),2021,1511.1699999999987,14.065534246575341,64.08389041095887,2.59,14.065534246575341,32.041945205479436,1000,1,0.124,0.081,Azad_Jammu___Kashmir__AJK__2021.tif,567.6402346384818,1.0,0
Azad Jammu & Kashmir (AJK),2022,1367.5399999999986,14.541452054794508,65.07550684931509,2.65,14.541452054794508,32.537753424657545,1000,1,0.074,0.048,Azad_Jammu___Kashmir__AJK__2022.tif,473.95609295315575,0.9479121859063115,0
Azad Jammu & Kashmir (AJK),2023,1315.8899999999992,14.056164383561663,68.05575342465755,2.53,14.056164383561663,34.027876712328776,1000,1,-0.096,-0.062,Azad_Jammu___Kashmir__AJK__2023.tif,149.77678585768263,0.29955357171536523,0
Abbottabad,2021,1914.8600000000001,18.892109589041095,59.64295890410956,3.05,18.892109589041095,29.82147945205478,1000,1,0.0,0.0,Abbottabad_2021.tif,220.89564260816982,0.44179128521633965,0
Abbottabad,2022,1603.629999999999,19.19210958904109,61.42246575342464,3.15,19.19210958904109,30.71123287671232,1000,1,0.085,0.055,Abbottabad_2022.tif,551.8350178970559,1.0,0
Abbottabad,2023,1526.3199999999986,18.61082191780822,64.28630136986303,2.8,18.61082191780822,32.14315068493151,1000,1,-0.176,-0.114,Abbottabad_2023.tif,244.6347431171232,0.48926948623424643,0
Nathia Gali,2021,1914.8600000000001,18.892109589041095,59.64295890410956,3.05,18.892109589041095,29.82147945205478,1000,1,-0.219,-0.142,Nathia_Gali_2021.tif,209.36909711917377,0.41873819423834757,0
Nathia Gali,2022,1603.629999999999,19.19210958904109,61.42246575342464,3.15,19.19210958904109,30.71123287671232,1000,1,0.04,0.026,Nathia_Gali_2022.tif,281.2145474883603,0.5624290949767207,0
Nathia Gali,2023,1526.3199999999986,18.61082191780822,64.28630136986303,2.8,18.61082191780822,32.14315068493151,1000,1,-0.246,-0.16,Nathia_Gali_2023.tif,169.75444649911344,0.3395088929982269,0
Dunga Gali,2021,1914.8600000000001,18.892109589041095,59.64295890410956,3.05,18.892109589041095,29.82147945205478,1000,1,0.47,0.305,Dunga_Gali_2021.tif,318.7596711050416,0.6375193422100832,0
Dunga Gali,2022,1603.629999999999,19.19210958904109,61.42246575342464,3.15,19.19210958904109,30.71123287671232,1000,1,0.292,0.19,Dunga_Gali_2022.tif,226.73763635034757,0.45347527270069515,0
Dunga Gali,2023,1526.3199999999986,18.61082191780822,64.28630136986303,2.8,18.61082191780822,32.14315068493151,1000,1,-0.083,-0.054,Dunga_Gali_2023.tif,591.1895676857807,1.0,0
Khanspur,2021,1914.8600000000001,18.892109589041095,59.64295890410956,3.05,18.892109589041095,29.82147945205478,1000,1,-0.065,-0.042,Khanspur_2021.tif,297.38249694002855,0.5947649938800571,0
Khanspur,2022,1603.629999999999,19.19210958904109,61.42246575342464,3.15,19.19210958904109,30.71123287671232,1000,1,-0.114,-0.074,Khanspur_2022.tif,561.9317545550086,1.0,0
Khanspur,2023,1526.3199999999986,18.61082191780822,64.28630136986303,2.8,18.61082191780822,32.14315068493151,1000,1,0.076,0.049,Khanspur_2023.tif,428.5704306737447,0.8571408613474893,0
Thandiani,2021,1914.8600000000001,18.892109589041095,59.64295890410956,3.05,18.892109589041095,29.82147945205478,1000,1,-0.289,-0.188,Thandiani_2021.tif,204.70371849400652,0.4094074369880131,0
Thandiani,2022,1603.629999999999,19.19210958904109,61.42246575342464,3.15,19.19210958904109,30.71123287671232,1000,1,-0.271,-0.176,Thandiani_2022.tif,206.16822418067358,0.41233644836134714,0
Thandiani,2023,1526.3199999999986,18.61082191780822,64.28630136986303,2.8,18.61082191780822,32.14315068493151,1000,1,-0.035,-0.023,Thandiani_2023.tif,200.9013412174835,0.401802682434967,0
Ghora Dhaka,2021,1914.8600000000001,18.892109589041095,59.64295890410956,3.05,18.892109589041095,29.82147945205478,1000,1,0.038,0.025,Ghora_Dhaka_2021.tif,221.89356705157024,0.44378713410314047,0
Ghora Dhaka,2022,1603.629999999999,19.19210958904109,61.42246575342464,3.15,19.19210958904109,30.71123287671232,1000,1,0.179,0.116,Ghora_Dhaka_2022.tif,301.3581225331851,0.6027162450663702,0
Ghora Dhaka,2023,1526.3199999999986,18.61082191780822,64.28630136986303,2.8,18.61082191780822,32.14315068493151,1000,1,-0.398,-0.259,Ghora_Dhaka_2023.tif,316.60684518172957,0.6332136903634591,0
Ayubia,2021,1914.8600000000001,18.892109589041095,59.64295890410956,3.05,18.892109589041095,29.82147945205478,1000,1,0.139,0.09,Ayubia_2021.tif,74.19060472423726,0.14838120944847452,1
Ayubia,2022,1603.629999999999,19.19210958904109,61.42246575342464,3.15,19.19210958904109,30.71123287671232,1000,1,0.246,0.16,Ayubia_2022.tif,143.442240383624,0.28688448076724804,1
Ayubia,2023,1526.3199999999986,18.61082191780822,64.28630136986303,2.8,18.61082191780822,32.14315068493151,1000,1,-0.204,-0.133,Ayubia_2023.tif,126.89302869541956,0.2537860573908391,1
Sherwan,2021,1914.8600000000001,18.892109589041095,59.64295890410956,3.05,18.892109589041095,29.82147945205478,1000,1,-0.008,-0.005,Sherwan_2021.tif,324.39456755919787,0.6487891351183958,0
Sherwan,2022,1603.629999999999,19.19210958904109,61.42246575342464,3.15,19.19210958904109,30.71123287671232,1000,1,-0.312,-0.203,Sherwan_2022.tif,257.84186895993605,0.5156837379198721,0
Sherwan,2023,1526.3199999999986,18.61082191780822,64.28630136986303,2.8,18.61082191780822,32.14315068493151,1000,1,-0.333,-0.216,Sherwan_2023.tif,78.64763919127398,0.15729527838254798,1
Makhniyal,2021,1914.8600000000001,18.892109589041095,59.64295890410956,3.05,18.892109589041095,29.82147945205478,1000,1,-0.388,-0.252,Makhniyal_2021.tif,425.6897680582993,0.8513795361165987,0
Makhniyal,2022,1603.629999999999,19.19210958904109,61.42246575342464,3.15,19.19210958904109,30.71123287671232,1000,1,0.038,0.025,Makhniyal_2022.tif,319.6333344781184,0.6392666689562368,0
Makhniyal,2023,1526.3199999999986,18.61082191780822,64.28630136986303,2.8,18.61082191780822,32.14315068493151,1000,1,-0.244,-0.159,Makhniyal_2023.tif,575.9622882553776,1.0,0
Peshawar,2021,1075.6000000000004,19.58498630136986,52.464465753424655,6.67,19.58498630136986,26.232232876712327,1000,1,-0.152,-0.099,Peshawar_2021.tif,422.0345081809104,0.8440690163618207,0
Peshawar,2022,954.3599999999997,19.767698630136984,54.70849315068498,5.77,19.767698630136984,27.35424657534249,1000,1,-0.372,-0.242,Peshawar_2022.tif,229.23433289502296,0.4584686657900459,0
Peshawar,2023,738.4500000000004,19.74317808219176,53.51353424657535,5.1,19.74317808219176,26.756767123287673,1000,1,-0.404,-0.263,Peshawar_2023.tif,304.1497604530521,0.6082995209061043,0
Mardan,2021,1358.2199999999993,22.048958904109607,55.000986301369885,5.56,22.048958904109607,27.500493150684942,1000,1,0.44,0.286,Mardan_2021.tif,321.46044310157544,0.6429208862031509,0
Mardan,2022,1164.79,22.349150684931487,56.83564383561642,3.57,22.349150684931487,28.41782191780821,1000,1,-0.573,-0.372,Mardan_2022.tif,477.4093121689799,0.9548186243379598,0
Mardan,2023,1054.8200000000002,21.89315068493152,58.3455342465753,3.46,21.89315068493152,29.17276712328765,1000,1,-0.202,-0.131,Mardan_2023.tif,89.86201472250019,0.17972402944500038,1
Kohat,2021,1096.7700000000002,21.126410958904106,51.7873424657534,7.44,21.126410958904106,25.8936712328767,1000,1,0.194,0.126,Kohat_2021.tif,516.9381036034845,1.0,0
Kohat,2022,939.9799999999994,21.22849315068494,54.85726027397261,5.13,21.22849315068494,27.428630136986303,1000,1,0.143,0.093,Kohat_2022.tif,345.46012851437763,0.6909202570287553,0
Kohat,2023,688.3899999999998,21.26394520547945,52.68449315068487,3.41,21.26394520547945,26.342246575342436,1000,1,0.134,0.087,Kohat_2023.tif,578.1478097416204,1.0,0
Galyat & Hazara Forest Belt,2021,1914.8600000000001,18.892109589041095,59.64295890410956,3.05,18.892109589041095,29.82147945205478,1000,1,-0.102,-0.066,Galyat___Hazara_Forest_Belt_2021.tif,143.5238766477541,0.2870477532955082,1
Galyat & Hazara Forest Belt,2022,1603.629999999999,19.19210958904109,61.42246575342464,3.15,19.19210958904109,30.71123287671232,1000,1,-0.216,-0.14,Galyat___Hazara_Forest_Belt_2022.tif,137.9466288828541,0.2758932577657082,1
Galyat & Hazara Forest Belt,2023,1526.3199999999986,18.61082191780822,64.28630136986303,2.8,18.61082191780822,32.14315068493151,1000,1,-0.036,-0.023,Galyat___Hazara_Forest_Belt_2023.tif,259.5633702825338,0.5191267405650676,0
Mansehra,2021,1365.7099999999996,15.679205479452055,59.70076712328772,2.36,15.679205479452055,29.85038356164386,1000,1,-0.292,-0.19,Mansehra_2021.tif,468.1062444535768,0.9362124889071536,0
Mansehra,2022,1233.8099999999993,16.220931506849322,60.4831780821918,2.44,16.220931506849322,30.2415890410959,1000,1,0.282,0.183,Mansehra_2022.tif,465.8152697795054,0.9316305395590108,0
Mansehra,2023,1235.27,15.677068493150676,63.54093150684934,2.34,15.677068493150676,31.77046575342467,1000,1,0.153,0.099,Mansehra_2023.tif,453.76914499589185,0.9075382899917837,0
Balakot,2021,1365.7099999999996,15.679205479452055,59.70076712328772,2.36,15.679205479452055,29.85038356164386,1000,1,0.27,0.176,Balakot_2021.tif,284.34526001422915,0.5686905200284583,0
Balakot,2022,1233.8099999999993,16.220931506849322,60.4831780821918,2.44,16.220931506849322,30.2415890410959,1000,1,0.252,0.164,Balakot_2022.tif,457.6270248344563,0.9152540496689126,0
Balakot,2023,1235.27,15.677068493150676,63.54093150684934,2.34,15.677068493150676,31.77046575342467,1000,1,0.106,0.069,Balakot_2023.tif,593.217160107576,1.0,0
Mahandri,2021,1365.7099999999996,15.679205479452055,59.70076712328772,2.36,15.679205479452055,29.85038356164386,1000,1,-0.299,-0.194,Mahandri_2021.tif,246.35070791930605,0.4927014158386121,0
Mahandri,2022,1233.8099999999993,16.220931506849322,60.4831780821918,2.44,16.220931506849322,30.2415890410959,1000,1,0.004,0.003,Mahandri_2022.tif,247.42915518186766,0.4948583103637353,0
Mahandri,2023,1235.27,15.677068493150676,63.54093150684934,2.34,15.677068493150676,31.77046575342467,1000,1,0.242,0.157,Mahandri_2023.tif,333.6321583827377,0.6672643167654754,0
Paras,2021,1365.7099999999996,15.679205479452055,59.70076712328772,2.36,15.679205479452055,29.85038356164386,1000,1,0.047,0.031,Paras_2021.tif,472.69660864175853,0.9453932172835171,0
Paras,2022,1233.8099999999993,16.220931506849322,60.4831780821918,2.44,16.220931506849322,30.2415890410959,1000,1,-0.162,-0.105,Paras_2022.tif,548.4421749982408,1.0,0
Paras,2023,1235.27,15.677068493150676,63.54093150684934,2.34,15.677068493150676,31.77046575342467,1000,1,0.371,0.241,Paras_2023.tif,241.8494249067028,0.4836988498134056,0
Shinu,2021,1472.309999999999,10.369479452054792,64.25682191780815,2.45,10.369479452054792,32.12841095890408,1000,1,0.367,0.239,Shinu_2021.tif,363.6994692117561,0.7273989384235121,0
Shinu,2022,1328.769999999999,11.019643835616437,64.27547945205485,2.17,11.019643835616437,32.13773972602743,1000,1,0.0,0.0,Shinu_2022.tif,103.56459988590026,0.20712919977180053,0
Shinu,2023,1375.3500000000001,10.529945205479445,67.41904109589046,2.04,10.529945205479445,33.70952054794523,1000,1,0.273,0.177,Shinu_2023.tif,217.8314098883119,0.4356628197766238,0
Jared,2021,1472.309999999999,10.369479452054792,64.25682191780815,2.45,10.369479452054792,32.12841095890408,1000,1,0.421,0.274,Jared_2021.tif,194.96239516253846,0.38992479032507693,0
Jared,2022,1328.769999999999,11.019643835616437,64.27547945205485,2.17,11.019643835616437,32.13773972602743,1000,1,-0.41,-0.267,Jared_2022.tif,69.05787165835198,0.13811574331670398,0
Jared,2023,1375.3500000000001,10.529945205479445,67.41904109589046,2.04,10.529945205479445,33.70952054794523,1000,1,0.232,0.151,Jared_2023.tif,151.66490697332105,0.3033298139466421,0
Naran,2021,998.7399999999998,-0.05238356164383596,72.67506849315063,5.39,-0.05238356164383596,36.337534246575316,1000,1,0.008,0.005,Naran_2021.tif,449.1511715397112,0.8983023430794224,0
Naran,2022,966.5499999999996,0.41972602739726056,74.78452054794522,3.55,0.41972602739726056,37.39226027397261,1000,1,0.181,0.118,Naran_2022.tif,87.4118582643556,0.1748237165287112,0
Naran,2023,981.0999999999999,0.8321369863013688,74.15863013698625,4.97,0.8321369863013688,37.07931506849312,1000,1,-0.357,-0.232,Naran_2023.tif,255.14185476313787,0.5102837095262758,0
Shinkiari (Siran forest belt),2021,1365.7099999999996,15.679205479452055,59.70076712328772,2.36,15.679205479452055,29.85038356164386,1000,1,0.136,0.088,Shinkiari__Siran_forest_belt__2021.tif,400.0374435305443,0.8000748870610885,0
Shinkiari (Siran forest belt),2022,1233.8099999999993,16.220931506849322,60.4831780821918,2.44,16.220931506849322,30.2415890410959,1000,1,-0.165,-0.107,Shinkiari__Siran_forest_belt__2022.tif,425.8709655806597,0.8517419311613194,0
Shinkiari (Siran forest belt),2023,1235.27,15.677068493150676,63.54093150684934,2.34,15.677068493150676,31.77046575342467,1000,1,0.304,0.198,Shinkiari__Siran_forest_belt__2023.tif,528.0131118352074,1.0,0
Kaghan–Mansehra–Siran Forest Zone,2021,1472.309999999999,10.369479452054792,64.25682191780815,2.45,10.369479452054792,32.12841095890408,1000,1,0.42,0.273,Kaghan_Mansehra_Siran_Forest_Zone_2021.tif,580.2420566755883,1.0,0
Kaghan–Mansehra–Siran Forest Zone,2022,1328.769999999999,11.019643835616437,64.27547945205485,2.17,11.019643835616437,32.13773972602743,1000,1,0.474,0.308,Kaghan_Mansehra_Siran_Forest_Zone_2022.tif,241.01166251372757,0.48202332502745515,0
Kaghan–Mansehra–Siran Forest Zone,2023,1375.3500000000001,10.529945205479445,67.41904109589046,2.04,10.529945205479445,33.70952054794523,1000,1,0.403,0.262,Kaghan_Mansehra_Siran_Forest_Zone_2023.tif,141.23424242699434,0.2824684848539887,0
Mingora,2021,1019.5099999999993,11.326739726027407,61.87468493150684,2.17,11.326739726027407,30.93734246575342,1000,1,-0.333,-0.216,Mingora_2021.tif,96.71428143899473,0.19342856287798946,0
Mingora,2022,996.6500000000001,11.847095890410968,62.956246575342455,2.17,11.847095890410968,31.478123287671227,1000,1,0.032,0.021,Mingora_2022.tif,592.1375138791067,1.0,0
Mingora,2023,992.4600000000004,11.582931506849311,64.92471232876713,2.18,11.582931506849311,32.462356164383564,1000,1,-0.193,-0.125,Mingora_2023.tif,456.17029191975803,0.9123405838395161,0
Saidu Sharif,2021,1019.5099999999993,11.326739726027407,61.87468493150684,2.17,11.326739726027407,30.93734246575342,1000,1,-0.166,-0.108,Saidu_Sharif_2021.tif,446.25512960888886,0.8925102592177777,0
Saidu Sharif,2022,996.6500000000001,11.847095890410968,62.956246575342455,2.17,11.847095890410968,31.478123287671227,1000,1,-0.059,-0.038,Saidu_Sharif_2022.tif,201.6472930084909,0.40329458601698176,0
Saidu Sharif,2023,992.4600000000004,11.582931506849311,64.92471232876713,2.18,11.582931506849311,32.462356164383564,1000,1,-0.193,-0.125,Saidu_Sharif_2023.tif,515.9771165286884,1.0,0
Kalam,2021,586.6499999999995,0.5522465753424648,64.900301369863,2.93,0.5522465753424648,32.4501506849315,1000,1,-0.063,-0.041,Kalam_2021.tif,114.45220447909212,0.22890440895818423,0
Kalam,2022,647.83,1.1589863013698622,68.0025753424657,2.63,1.1589863013698622,34.00128767123285,1000,1,0.208,0.135,Kalam_2022.tif,390.68649053634294,0.7813729810726859,0
Kalam,2023,608.03,1.147534246575343,67.80320547945205,3.16,1.147534246575343,33.90160273972602,1000,1,-0.461,-0.3,Kalam_2023.tif,185.72840739477368,0.37145681478954734,0
Ushu,2021,586.6499999999995,0.5522465753424648,64.900301369863,2.93,0.5522465753424648,32.4501506849315,1000,1,-0.373,-0.242,Ushu_2021.tif,346.85863657769227,0.6937172731553846,0
Ushu,2022,647.83,1.1589863013698622,68.0025753424657,2.63,1.1589863013698622,34.00128767123285,1000,1,0.035,0.023,Ushu_2022.tif,142.1976811457409,0.28439536229148177,0
Ushu,2023,608.03,1.147534246575343,67.80320547945205,3.16,1.147534246575343,33.90160273972602,1000,1,-0.426,-0.277,Ushu_2023.tif,180.25517403371484,0.36051034806742965,0
Bahrain,2021,1019.5099999999993,11.326739726027407,61.87468493150684,2.17,11.326739726027407,30.93734246575342,1000,1,-0.031,-0.02,Bahrain_2021.tif,57.50999920890788,0.11501999841781575,0
Bahrain,2022,996.6500000000001,11.847095890410968,62.956246575342455,2.17,11.847095890410968,31.478123287671227,1000,1,0.248,0.161,Bahrain_2022.tif,253.5198589476558,0.5070397178953115,0
Bahrain,2023,992.4600000000004,11.582931506849311,64.92471232876713,2.18,11.582931506849311,32.462356164383564,1000,1,-0.118,-0.077,Bahrain_2023.tif,161.71296605848562,0.32342593211697124,0
Madyan,2021,1019.5099999999993,11.326739726027407,61.87468493150684,2.17,11.326739726027407,30.93734246575342,1000,1,0.09,0.058,Madyan_2021.tif,102.09609516544717,0.20419219033089434,0
Madyan,2022,996.6500000000001,11.847095890410968,62.956246575342455,2.17,11.847095890410968,31.478123287671227,1000,1,0.114,0.074,Madyan_2022.tif,590.5132503246921,1.0,0
Madyan,2023,992.4600000000004,11.582931506849311,64.92471232876713,2.18,11.582931506849311,32.462356164383564,1000,1,0.017,0.011,Madyan_2023.tif,299.8085685244662,0.5996171370489324,0
Swat,2021,1019.5099999999993,11.326739726027407,61.87468493150684,2.17,11.326739726027407,30.93734246575342,1000,1,-0.235,-0.153,Swat_2021.tif,558.3998889558127,1.0,0
Swat,2022,996.6500000000001,11.847095890410968,62.956246575342455,2.17,11.847095890410968,31.478123287671227,1000,1,0.013,0.008,Swat_2022.tif,544.5848632459254,1.0,0
Swat,2023,992.4600000000004,11.582931506849311,64.92471232876713,2.18,11.582931506849311,32.462356164383564,1000,1,0.223,0.145,Swat_2023.tif,332.88517347389194,0.6657703469477839,0
Swat–Malakand Forest Belt,2021,1019.5099999999993,11.326739726027407,61.87468493150684,2.17,11.326739726027407,30.93734246575342,1000,1,0.114,0.074,Swat_Malakand_Forest_Belt_2021.tif,131.77217238081386,0.2635443447616277,0
Swat–Malakand Forest Belt,2022,996.6500000000001,11.847095890410968,62.956246575342455,2.17,11.847095890410968,31.478123287671227,1000,1,0.055,0.036,Swat_Malakand_Forest_Belt_2022.tif,508.23507323416817,1.0,0
Swat–Malakand Forest Belt,2023,992.4600000000004,11.582931506849311,64.92471232876713,2.18,11.582931506849311,32.462356164383564,1000,1,0.38,0.247,Swat_Malakand_Forest_Belt_2023.tif,205.06453592128676,0.4101290718425735,0
Dir,2021,929.3299999999998,13.808684931506859,58.579753424657525,3.16,13.808684931506859,29.289876712328763,1000,1,0.186,0.121,Dir_2021.tif,276.17029663790566,0.5523405932758113,0
Dir,2022,977.7099999999995,14.210575342465745,59.99197260273969,2.67,14.210575342465745,29.995986301369847,1000,1,0.297,0.193,Dir_2022.tif,343.35173230131943,0.6867034646026389,0
Dir,2023,908.6099999999999,13.895123287671234,61.61424657534248,2.05,13.895123287671234,30.80712328767124,1000,1,-0.287,-0.187,Dir_2023.tif,95.44550784344503,0.19089101568689007,0
Chitral,2021,346.39999999999986,-0.8395616438356188,60.70169863013702,2.12,-0.8395616438356188,30.35084931506851,1000,1,-0.458,-0.298,Chitral_2021.tif,341.5444965447849,0.6830889930895698,0
Chitral,2022,452.89999999999986,0.16621917808219133,62.6071780821918,2.82,0.16621917808219133,31.3035890410959,1000,1,-0.258,-0.168,Chitral_2022.tif,283.3149332367702,0.5666298664735403,0
Chitral,2023,369.33999999999975,0.2904657534246581,60.531589041095806,2.08,0.2904657534246581,30.265794520547903,1000,1,-0.048,-0.031,Chitral_2023.tif,450.2579038627039,0.9005158077254078,0
Daggar (Buner),2021,1487.2499999999998,19.07545205479452,56.15227397260276,2.71,19.07545205479452,28.07613698630138,1000,1,0.427,0.278,Daggar__Buner__2021.tif,185.93416193844445,0.3718683238768889,0
Daggar (Buner),2022,1332.83,19.44854794520547,57.83819178082194,2.26,19.44854794520547,28.91909589041097,1000,1,-0.096,-0.062,Daggar__Buner__2022.tif,383.46676490947294,0.7669335298189459,0
Daggar (Buner),2023,1355.9099999999994,19.00923287671233,60.047945205479515,2.68,19.00923287671233,30.023972602739757,1000,1,-0.262,-0.17,Daggar__Buner__2023.tif,254.55450047709547,0.509109000954191,0
Alpuri (Shangla),2021,1019.5099999999993,11.326739726027407,61.87468493150684,2.17,11.326739726027407,30.93734246575342,1000,1,0.083,0.054,Alpuri__Shangla__2021.tif,565.4738247664786,1.0,0
Alpuri (Shangla),2022,996.6500000000001,11.847095890410968,62.956246575342455,2.17,11.847095890410968,31.478123287671227,1000,1,-0.112,-0.073,Alpuri__Shangla__2022.tif,573.9609222800088,1.0,0
Alpuri (Shangla),2023,992.4600000000004,11.582931506849311,64.92471232876713,2.18,11.582931506849311,32.462356164383564,1000,1,0.116,0.075,Alpuri__Shangla__2023.tif,396.94915173242464,0.7938983034648492,0
Dassu,2021,626.0099999999994,3.698219178082193,62.5835890410959,2.91,3.698219178082193,31.29179452054795,1000,1,-0.338,-0.22,Dassu_2021.tif,366.21032107602747,0.7324206421520549,0
Dassu,2022,697.9999999999999,4.431726027397257,65.05687671232877,2.63,4.431726027397257,32.528438356164386,1000,1,0.227,0.148,Dassu_2022.tif,216.89283780424313,0.43378567560848624,0
Dassu,2023,654.1999999999996,4.483561643835617,64.45243835616436,2.59,4.483561643835617,32.22621917808218,1000,1,0.061,0.04,Dassu_2023.tif,272.416587534,0.544833175068,0
Pattan,2021,1037.8299999999997,8.221013698630134,66.76008219178088,3.32,8.221013698630134,33.38004109589044,1000,1,0.337,0.219,Pattan_2021.tif,114.85426335748447,0.22970852671496894,0
Pattan,2022,1028.0500000000002,8.95654794520548,67.09526027397263,2.45,8.95654794520548,33.547630136986314,1000,1,0.307,0.2,Pattan_2022.tif,167.81790853675443,0.33563581707350887,0
Pattan,2023,1020.3699999999989,8.502383561643837,70.22917808219178,2.79,8.502383561643837,35.11458904109589,1000,1,-0.406,-0.264,Pattan_2023.tif,261.3926287038893,0.5227852574077786,0
Besham,2021,1037.8299999999997,8.221013698630134,66.76008219178088,3.32,8.221013698630134,33.38004109589044,1000,1,-0.082,-0.053,Besham_2021.tif,414.8840651913323,0.8297681303826646,0
Besham,2022,1028.0500000000002,8.95654794520548,67.09526027397263,2.45,8.95654794520548,33.547630136986314,1000,1,-0.079,-0.051,Besham_2022.tif,479.5440918898296,0.9590881837796592,0
Besham,2023,1020.3699999999989,8.502383561643837,70.22917808219178,2.79,8.502383561643837,35.11458904109589,1000,1,-0.15,-0.098,Besham_2023.tif,538.4776243718192,1.0,0
Palas Valley settlements,2021,1037.8299999999997,8.221013698630134,66.76008219178088,3.32,8.221013698630134,33.38004109589044,1000,1,0.219,0.142,Palas_Valley_settlements_2021.tif,209.32894313967543,0.41865788627935085,0
Palas Valley settlements,2022,1028.0500000000002,8.95654794520548,67.09526027397263,2.45,8.95654794520548,33.547630136986314,1000,1,-0.505,-0.328,Palas_Valley_settlements_2022.tif,309.4637232774277,0.6189274465548553,0
Palas Valley settlements,2023,1020.3699999999989,8.502383561643837,70.22917808219178,2.79,8.502383561643837,35.11458904109589,1000,1,-0.072,-0.047,Palas_Valley_settlements_2023.tif,184.6704154492578,0.3693408308985156,0
Islamabad,2021,1920.5399999999988,21.72720547945205,59.40893150684933,4.37,21.72720547945205,29.704465753424664,1000,1,0.523,0.34,Islamabad_2021.tif,376.5995368704182,0.7531990737408364,0
Islamabad,2022,1678.0399999999981,22.030465753424654,60.98008219178078,3.26,22.030465753424654,30.49004109589039,1000,1,0.284,0.185,Islamabad_2022.tif,565.9184876538644,1.0,0
Islamabad,2023,1387.4599999999994,21.531041095890412,63.31224657534245,3.36,21.531041095890412,31.656123287671225,1000,1,0.412,0.268,Islamabad_2023.tif,199.6677899139429,0.3993355798278858,0
Shah Allah Ditta,2021,1920.5399999999988,21.72720547945205,59.40893150684933,4.37,21.72720547945205,29.704465753424664,1000,1,0.204,0.133,Shah_Allah_Ditta_2021.tif,584.3539451402556,1.0,0
Shah Allah Ditta,2022,1678.0399999999981,22.030465753424654,60.98008219178078,3.26,22.030465753424654,30.49004109589039,1000,1,0.21,0.137,Shah_Allah_Ditta_2022.tif,169.53866673453308,0.33907733346906616,0
Shah Allah Ditta,2023,1387.4599999999994,21.531041095890412,63.31224657534245,3.36,21.531041095890412,31.656123287671225,1000,1,-0.143,-0.093,Shah_Allah_Ditta_2023.tif,91.75156035574946,0.18350312071149893,1
Saidpur,2021,1920.5399999999988,21.72720547945205,59.40893150684933,4.37,21.72720547945205,29.704465753424664,1000,1,0.435,0.283,Saidpur_2021.tif,121.0554238656731,0.24211084773134622,1
Saidpur,2022,1678.0399999999981,22.030465753424654,60.98008219178078,3.26,22.030465753424654,30.49004109589039,1000,1,-0.023,-0.015,Saidpur_2022.tif,511.5685663404829,1.0,0
Saidpur,2023,1387.4599999999994,21.531041095890412,63.31224657534245,3.36,21.531041095890412,31.656123287671225,1000,1,-0.009,-0.006,Saidpur_2023.tif,323.4015569257983,0.6468031138515965,0
Gokina,2021,1914.8600000000001,18.892109589041095,59.64295890410956,3.05,18.892109589041095,29.82147945205478,1000,1,0.102,0.066,Gokina_2021.tif,107.9173785763582,0.2158347571527164,1
Gokina,2022,1603.629999999999,19.19210958904109,61.42246575342464,3.15,19.19210958904109,30.71123287671232,1000,1,-0.116,-0.075,Gokina_2022.tif,548.3205229530112,1.0,0
Gokina,2023,1526.3199999999986,18.61082191780822,64.28630136986303,2.8,18.61082191780822,32.14315068493151,1000,1,-0.135,-0.088,Gokina_2023.tif,376.963445541989,0.753926891083978,0
Bhara Kahu,2021,1920.5399999999988,21.72720547945205,59.40893150684933,4.37,21.72720547945205,29.704465753424664,1000,1,-0.006,-0.004,Bhara_Kahu_2021.tif,390.4780828120781,0.7809561656241563,0
Bhara Kahu,2022,1678.0399999999981,22.030465753424654,60.98008219178078,3.26,22.030465753424654,30.49004109589039,1000,1,-0.05,-0.033,Bhara_Kahu_2022.tif,440.3887251843019,0.8807774503686038,0
Bhara Kahu,2023,1387.4599999999994,21.531041095890412,63.31224657534245,3.36,21.531041095890412,31.656123287671225,1000,1,0.076,0.049,Bhara_Kahu_2023.tif,390.1542912840159,0.7803085825680318,0
"Trail-side settlements (Trails 3, 5, 6 belt)",2021,1914.8600000000001,18.892109589041095,59.64295890410956,3.05,18.892109589041095,29.82147945205478,1000,1,0.408,0.265,Trail_side_settlements__Trails_3__5__6_belt__2021.tif,123.89456248341875,0.2477891249668375,1
"Trail-side settlements (Trails 3, 5, 6 belt)",2022,1603.629999999999,19.19210958904109,61.42246575342464,3.15,19.19210958904109,30.71123287671232,1000,1,0.411,0.267,Trail_side_settlements__Trails_3__5__6_belt__2022.tif,348.9803860401785,0.6979607720803569,0
"Trail-side settlements (Trails 3, 5, 6 belt)",2023,1526.3199999999986,18.61082191780822,64.28630136986303,2.8,18.61082191780822,32.14315068493151,1000,1,0.485,0.315,Trail_side_settlements__Trails_3__5__6_belt__2023.tif,453.2545133384894,0.9065090266769789,0
Margalla Hills settlements (National Park region),2021,1920.5399999999988,21.72720547945205,59.40893150684933,4.37,21.72720547945205,29.704465753424664,1000,1,-0.098,-0.064,Margalla_Hills_settlements__National_Park_region__2021.tif,211.17714153492076,0.4223542830698415,0
Margalla Hills settlements (National Park region),2022,1678.0399999999981,22.030465753424654,60.98008219178078,3.26,22.030465753424654,30.49004109589039,1000,1,-0.396,-0.257,Margalla_Hills_settlements__National_Park_region__2022.tif,317.76228134565787,0.6355245626913157,0
Margalla Hills settlements (National Park region),2023,1387.4599999999994,21.531041095890412,63.31224657534245,3.36,21.531041095890412,31.656123287671225,1000,1,0.58,0.377,Margalla_Hills_settlements__National_Park_region__2023.tif,535.0449269382701,1.0,0
Murree,2021,1914.8600000000001,18.892109589041095,59.64295890410956,3.05,18.892109589041095,29.82147945205478,1000,1,-0.009,-0.006,Murree_2021.tif,465.07441276386993,0.9301488255277398,0
Murree,2022,1603.629999999999,19.19210958904109,61.42246575342464,3.15,19.19210958904109,30.71123287671232,1000,1,0.003,0.002,Murree_2022.tif,405.0174808500114,0.8100349617000228,0
Murree,2023,1526.3199999999986,18.61082191780822,64.28630136986303,2.8,18.61082191780822,32.14315068493151,1000,1,0.139,0.09,Murree_2023.tif,270.21963964520774,0.5404392792904155,0
Kotli Sattian,2021,1511.1699999999987,14.065534246575341,64.08389041095887,2.59,14.065534246575341,32.041945205479436,1000,1,0.305,0.198,Kotli_Sattian_2021.tif,306.5640762313346,0.6131281524626692,0
Kotli Sattian,2022,1367.5399999999986,14.541452054794508,65.07550684931509,2.65,14.541452054794508,32.537753424657545,1000,1,0.466,0.303,Kotli_Sattian_2022.tif,502.29472137175685,1.0,0
Kotli Sattian,2023,1315.8899999999992,14.056164383561663,68.05575342465755,2.53,14.056164383561663,34.027876712328776,1000,1,0.267,0.174,Kotli_Sattian_2023.tif,96.20957700147225,0.19241915400294451,0
Kallar Syedan (upper belt),2021,1920.5399999999988,21.72720547945205,59.40893150684933,4.37,21.72720547945205,29.704465753424664,1000,1,0.228,0.148,Kallar_Syedan__upper_belt__2021.tif,575.7145331775171,1.0,0
Kallar Syedan (upper belt),2022,1678.0399999999981,22.030465753424654,60.98008219178078,3.26,22.030465753424654,30.49004109589039,1000,1,-0.405,-0.263,Kallar_Syedan__upper_belt__2022.tif,301.255734798748,0.602511469597496,0
Kallar Syedan (upper belt),2023,1387.4599999999994,21.531041095890412,63.31224657534245,3.36,21.531041095890412,31.656123287671225,1000,1,-0.014,-0.009,Kallar_Syedan__upper_belt__2023.tif,254.6104197309258,0.5092208394618516,0
Khabeki,2021,900.3999999999994,23.626794520547936,51.86101369863012,5.53,23.626794520547936,25.93050684931506,1000,1,0.023,0.015,Khabeki_2021.tif,515.0305276897845,1.0,0
Khabeki,2022,955.4899999999999,23.695945205479447,55.430958904109595,4.28,23.695945205479447,27.715479452054797,1000,1,0.071,0.046,Khabeki_2022.tif,93.44024681341998,0.18688049362683995,1
Khabeki,2023,807.6499999999997,23.277013698630114,55.981506849315046,3.64,23.277013698630114,27.990753424657523,1000,1,-0.022,-0.014,Khabeki_2023.tif,181.49097363180402,0.36298194726360805,0
Naushera,2021,712.1299999999993,23.83194520547946,48.97106849315065,4.38,23.83194520547946,24.485534246575327,1000,1,0.202,0.131,Naushera_2021.tif,547.5166225386404,1.0,0
Naushera,2022,832.7900000000005,23.82194520547947,53.47334246575347,4.64,23.82194520547947,26.736671232876734,1000,1,-0.502,-0.326,Naushera_2022.tif,366.13535031412584,0.7322707006282517,0
Naushera,2023,643.87,23.58895890410959,52.75923287671229,3.52,23.58895890410959,26.379616438356145,1000,1,-0.113,-0.073,Naushera_2023.tif,296.3957832516087,0.5927915665032174,0
Soon Valley settlements,2021,712.1299999999993,23.83194520547946,48.97106849315065,4.38,23.83194520547946,24.485534246575327,1000,1,-0.366,-0.238,Soon_Valley_settlements_2021.tif,389.7822593474186,0.7795645186948371,0
Soon Valley settlements,2022,832.7900000000005,23.82194520547947,53.47334246575347,4.64,23.82194520547947,26.736671232876734,1000,1,-0.304,-0.198,Soon_Valley_settlements_2022.tif,264.9983931431931,0.5299967862863861,0
Soon Valley settlements,2023,643.87,23.58895890410959,52.75923287671229,3.52,23.58895890410959,26.379616438356145,1000,1,0.213,0.138,Soon_Valley_settlements_2023.tif,290.28270524462596,0.5805654104892519,0
Chichawatni,2021,237.09000000000003,27.106383561643835,36.913506849315105,5.1,27.106383561643835,18.456753424657553,1000,1,0.106,0.069,Chichawatni_2021.tif,499.4831143283088,0.9989662286566175,0
Chichawatni,2022,552.43,26.897671232876736,42.888602739726004,5.66,26.897671232876736,21.444301369863002,1000,1,-0.509,-0.331,Chichawatni_2022.tif,457.31362754222965,0.9146272550844593,0
Chichawatni,2023,462.5399999999999,26.41498630136985,42.60235616438358,5.0,26.41498630136985,21.30117808219179,1000,1,0.354,0.23,Chichawatni_2023.tif,122.44804035624082,0.24489608071248165,1
Lahore,2021,799.8199999999996,25.04468493150681,49.95536986301373,3.59,25.04468493150681,24.977684931506865,1000,1,0.05,0.033,Lahore_2021.tif,459.6431635370647,0.9192863270741294,0
Lahore,2022,830.9099999999995,25.293178082191776,52.9522191780822,5.09,25.293178082191776,26.4761095890411,1000,1,0.397,0.258,Lahore_2022.tif,302.72134140088247,0.6054426828017649,0
Lahore,2023,1202.7500000000002,24.076219178082205,57.35038356164385,3.38,24.076219178082205,28.675191780821926,1000,1,0.0,0.0,Lahore_2023.tif,215.34194059588825,0.4306838811917765,0
Faisalabad,2021,474.15000000000003,25.895808219178072,43.79613698630139,3.65,25.895808219178072,21.898068493150696,1000,1,0.191,0.124,Faisalabad_2021.tif,255.13106649926726,0.5102621329985345,0
Faisalabad,2022,667.0000000000001,25.956821917808227,47.91380821917809,5.67,25.956821917808227,23.956904109589043,1000,1,0.017,0.011,Faisalabad_2022.tif,350.7210991407289,0.7014421982814578,0
Faisalabad,2023,707.0000000000001,25.264301369863013,49.17947945205479,3.98,25.264301369863013,24.589739726027396,1000,1,-0.506,-0.329,Faisalabad_2023.tif,105.92900684700678,0.21185801369401355,1
Rawalpindi,2021,1920.5399999999988,21.72720547945205,59.40893150684933,4.37,21.72720547945205,29.704465753424664,1000,1,-0.325,-0.211,Rawalpindi_2021.tif,307.85378733458714,0.6157075746691743,0
Rawalpindi,2022,1678.0399999999981,22.030465753424654,60.98008219178078,3.26,22.030465753424654,30.49004109589039,1000,1,-0.178,-0.116,Rawalpindi_2022.tif,464.40180785804523,0.9288036157160905,0
Rawalpindi,2023,1387.4599999999994,21.531041095890412,63.31224657534245,3.36,21.531041095890412,31.656123287671225,1000,1,0.003,0.002,Rawalpindi_2023.tif,466.2482456597276,0.9324964913194552,0
Multan,2021,176.16000000000003,27.799808219178082,34.52657534246571,6.0,27.799808219178082,17.263287671232856,1000,1,-0.078,-0.051,Multan_2021.tif,79.02836124019196,0.1580567224803839,1
Multan,2022,493.27000000000004,27.25819178082192,42.324931506849325,6.37,27.25819178082192,21.162465753424662,1000,1,-0.006,-0.004,Multan_2022.tif,588.2501207398313,1.0,0
Multan,2023,364.8299999999998,27.211753424657537,39.84882191780823,5.76,27.211753424657537,19.924410958904115,1000,1,0.124,0.081,Multan_2023.tif,375.4666311781437,0.7509332623562874,0
Gujranwala,2021,1003.8199999999999,24.464246575342443,54.1986301369863,3.62,24.464246575342443,27.09931506849315,1000,1,0.14,0.091,Gujranwala_2021.tif,323.7517566298726,0.6475035132597452,0
Gujranwala,2022,1069.7899999999993,24.65816438356166,57.47950684931505,4.71,24.65816438356166,28.739753424657525,1000,1,0.099,0.064,Gujranwala_2022.tif,166.58512396711717,0.33317024793423433,0
Gujranwala,2023,1318.8400000000001,23.57117808219178,61.24523287671232,3.83,23.57117808219178,30.62261643835616,1000,1,0.399,0.259,Gujranwala_2023.tif,499.90955856608144,0.9998191171321629,0
Sialkot,2021,1206.7499999999998,24.381561643835614,54.76284931506861,3.44,24.381561643835614,27.381424657534303,1000,1,-0.489,-0.318,Sialkot_2021.tif,338.4590571825589,0.6769181143651178,0
Sialkot,2022,1376.02,24.49413698630136,57.995013698630125,4.41,24.49413698630136,28.997506849315062,1000,1,-0.159,-0.103,Sialkot_2022.tif,425.44257400007905,0.8508851480001581,0
Sialkot,2023,1389.0600000000002,23.533123287671227,61.67975342465758,3.61,23.533123287671227,30.83987671232879,1000,1,-0.49,-0.319,Sialkot_2023.tif,205.52418144340908,0.4110483628868182,0
Bahawalpur,2021,175.9100000000001,27.65536986301371,35.08095890410955,5.91,27.65536986301371,17.540479452054775,1000,1,0.046,0.03,Bahawalpur_2021.tif,244.3013131573513,0.4886026263147026,0
Bahawalpur,2022,456.1500000000001,27.462739726027387,41.128657534246585,5.65,27.462739726027387,20.564328767123293,1000,1,0.375,0.244,Bahawalpur_2022.tif,164.350423703044,0.32870084740608796,0
Bahawalpur,2023,325.8600000000002,27.177260273972596,39.6005479452055,5.71,27.177260273972596,19.80027397260275,1000,1,-0.408,-0.265,Bahawalpur_2023.tif,574.569302072939,1.0,0
Sargodha,2021,620.6499999999995,25.78813698630135,45.43879452054794,4.26,25.78813698630135,22.71939726027397,1000,1,0.094,0.061,Sargodha_2021.tif,289.93582161025085,0.5798716432205017,0
Sargodha,2022,792.8999999999995,25.76457534246573,50.021671232876734,5.06,25.76457534246573,25.010835616438367,1000,1,0.145,0.094,Sargodha_2022.tif,226.62720110861704,0.45325440221723406,0
Sargodha,2023,722.4299999999994,25.303589041095858,49.89063013698634,3.77,25.303589041095858,24.94531506849317,1000,1,0.046,0.03,Sargodha_2023.tif,531.3170954864681,1.0,0
Changa Manga,2021,475.8200000000002,25.982821917808216,43.788547945205515,4.43,25.982821917808216,21.894273972602758,1000,1,-0.161,-0.105,Changa_Manga_2021.tif,209.64283768363714,0.4192856753672743,0
Changa Manga,2022,671.5999999999997,26.125698630136995,47.20441095890412,5.88,26.125698630136995,23.60220547945206,1000,1,-0.374,-0.243,Changa_Manga_2022.tif,54.50212411143789,0.10900424822287577,1
Changa Manga,2023,796.2599999999999,25.107369863013705,50.45624657534242,4.09,25.107369863013705,25.22812328767121,1000,1,0.386,0.251,Changa_Manga_2023.tif,159.22901712287884,0.3184580342457577,0
Gatwala (near Faisalabad),2021,474.15000000000003,25.895808219178072,43.79613698630139,3.65,25.895808219178072,21.898068493150696,1000,1,-0.01,-0.007,Gatwala__near_Faisalabad__2021.tif,134.9601374658891,0.26992027493177817,1
Gatwala (near Faisalabad),2022,667.0000000000001,25.956821917808227,47.91380821917809,5.67,25.956821917808227,23.956904109589043,1000,1,0.346,0.225,Gatwala__near_Faisalabad__2022.tif,320.526432712232,0.641052865424464,0
Gatwala (near Faisalabad),2023,707.0000000000001,25.264301369863013,49.17947945205479,3.98,25.264301369863013,24.589739726027396,1000,1,-0.207,-0.135,Gatwala__near_Faisalabad__2023.tif,355.47923983288,0.71095847966576,0
Rakh Jhok (Sheikhupura),2021,657.3499999999996,25.339013698630158,47.74399999999999,3.54,25.339013698630158,23.871999999999996,1000,1,0.46,0.299,Rakh_Jhok__Sheikhupura__2021.tif,332.3848489608596,0.6647696979217191,0
Rakh Jhok (Sheikhupura),2022,736.4999999999999,25.626082191780803,50.27315068493149,5.19,25.626082191780803,25.136575342465743,1000,1,-0.164,-0.107,Rakh_Jhok__Sheikhupura__2022.tif,447.4656849560255,0.894931369912051,0
Rakh Jhok (Sheikhupura),2023,979.3000000000001,24.530547945205484,54.04021917808224,3.88,24.530547945205484,27.02010958904112,1000,1,-0.278,-0.181,Rakh_Jhok__Sheikhupura__2023.tif,568.496305527292,1.0,0
Pirowal (near Khanewal),2021,193.94000000000005,27.266493150684944,37.63827397260274,5.65,27.266493150684944,18.81913698630137,1000,1,-0.13,-0.085,Pirowal__near_Khanewal__2021.tif,251.84747253764385,0.5036949450752877,0
Pirowal (near Khanewal),2022,524.5600000000001,26.938876712328774,44.0895342465753,5.67,26.938876712328774,22.04476712328765,1000,1,-0.184,-0.12,Pirowal__near_Khanewal__2022.tif,406.8934010732601,0.8137868021465202,0
Pirowal (near Khanewal),2023,403.62999999999977,26.686356164383554,42.62087671232877,5.36,26.686356164383554,21.310438356164386,1000,1,0.149,0.097,Pirowal__near_Khanewal__2023.tif,270.01930314332856,0.5400386062866571,0
Daphar / Pindi Bhattian,2021,679.9500000000002,25.376575342465756,47.4651506849315,3.81,25.376575342465756,23.73257534246575,1000,1,-0.123,-0.08,Daphar___Pindi_Bhattian_2021.tif,268.64162710455196,0.5372832542091039,0
Daphar / Pindi Bhattian,2022,774.7399999999998,25.503616438356172,51.01356164383564,4.98,25.503616438356172,25.50678082191782,1000,1,-0.514,-0.334,Daphar___Pindi_Bhattian_2022.tif,392.5202027401743,0.7850404054803486,0
Daphar / Pindi Bhattian,2023,809.3499999999998,24.86756164383562,52.026493150684885,3.27,24.86756164383562,26.013246575342443,1000,1,0.151,0.098,Daphar___Pindi_Bhattian_2023.tif,513.8939004064538,1.0,0
Mandi Bahauddin / Phalia (Mona–Daphar),2021,1172.4099999999994,24.28786301369863,55.54972602739721,4.57,24.28786301369863,27.774863013698607,1000,1,-0.579,-0.376,Mandi_Bahauddin___Phalia__Mona_Daphar__2021.tif,78.38401933528891,0.15676803867057781,1
Mandi Bahauddin / Phalia (Mona–Daphar),2022,1277.2499999999995,24.40915068493151,58.62383561643837,4.38,24.40915068493151,29.311917808219185,1000,1,0.192,0.125,Mandi_Bahauddin___Phalia__Mona_Daphar__2022.tif,436.5605626733874,0.8731211253467748,0
Mandi Bahauddin / Phalia (Mona–Daphar),2023,1214.7499999999993,23.645424657534257,61.0582465753424,3.53,23.645424657534257,30.5291232876712,1000,1,-0.144,-0.094,Mandi_Bahauddin___Phalia__Mona_Daphar__2023.tif,54.31593418906895,0.10863186837813789,1
Shorkot,2021,250.75999999999988,26.831150684931472,39.48849315068493,6.0,26.831150684931472,19.744246575342466,1000,1,-0.539,-0.35,Shorkot_2021.tif,539.7568732564257,1.0,0
Shorkot,2022,601.5599999999998,26.465178082191763,46.18734246575342,5.93,26.465178082191763,23.09367123287671,1000,1,0.0,0.0,Shorkot_2022.tif,380.31760641924933,0.7606352128384987,0
Shorkot,2023,470.3800000000001,26.223643835616436,44.845342465753404,5.18,26.223643835616436,22.422671232876702,1000,1,0.146,0.095,Shorkot_2023.tif,453.11931959415017,0.9062386391883004,0
Kundian,2021,620.3399999999997,24.874465753424634,45.85594520547945,4.76,24.874465753424634,22.927972602739725,1000,1,0.138,0.09,Kundian_2021.tif,317.61530764822425,0.6352306152964485,0
Kundian,2022,789.3499999999998,24.75824657534246,51.54495890410958,4.29,24.75824657534246,25.77247945205479,1000,1,0.321,0.209,Kundian_2022.tif,574.9470792468061,1.0,0
Kundian,2023,564.8099999999996,24.782000000000007,49.12235616438357,3.55,24.782000000000007,24.561178082191784,1000,1,0.081,0.053,Kundian_2023.tif,493.48832923167674,0.9869766584633535,0
Dera Ghazi Khan,2021,235.32999999999996,27.562739726027377,31.612575342465764,6.37,27.562739726027377,15.806287671232882,1000,1,-0.136,-0.088,Dera_Ghazi_Khan_2021.tif,74.59859365453303,0.14919718730906606,1
Dera Ghazi Khan,2022,583.7499999999995,26.842301369863005,41.16016438356168,6.7,26.842301369863005,20.58008219178084,1000,1,0.054,0.035,Dera_Ghazi_Khan_2022.tif,179.39147541341606,0.35878295082683215,0
Dera Ghazi Khan,2023,457.2099999999998,26.76742465753423,38.73572602739725,4.96,26.76742465753423,19.367863013698624,1000,1,0.365,0.237,Dera_Ghazi_Khan_2023.tif,409.8810693898263,0.8197621387796525,0
Taunsa Sharif,2021,246.98999999999992,26.41597260273969,32.594054794520545,5.68,26.41597260273969,16.297027397260273,1000,1,-0.351,-0.228,Taunsa_Sharif_2021.tif,512.9198281260377,1.0,0
Taunsa Sharif,2022,549.4699999999999,25.842164383561627,41.37112328767127,6.2,25.842164383561627,20.685561643835634,1000,1,0.326,0.212,Taunsa_Sharif_2022.tif,106.50164455103803,0.21300328910207605,1
Taunsa Sharif,2023,470.6700000000003,25.70010958904111,39.55191780821919,4.23,25.70010958904111,19.775958904109594,1000,1,-0.138,-0.09,Taunsa_Sharif_2023.tif,532.0734001152731,1.0,0
Layyah,2021,275.68999999999994,26.227671232876677,33.79109589041096,4.71,26.227671232876677,16.89554794520548,1000,1,-0.115,-0.075,Layyah_2021.tif,551.4329368432961,1.0,0
Layyah,2022,549.5899999999998,25.73643835616438,41.952602739726004,5.38,25.73643835616438,20.976301369863002,1000,1,0.425,0.276,Layyah_2022.tif,507.7120227082802,1.0,0
Layyah,2023,476.6399999999999,25.622575342465744,40.2485205479452,4.01,25.622575342465744,20.1242602739726,1000,1,0.022,0.014,Layyah_2023.tif,230.55546705310138,0.46111093410620274,0
Muzaffargarh,2021,176.16000000000003,27.799808219178082,34.52657534246571,6.0,27.799808219178082,17.263287671232856,1000,1,-0.259,-0.168,Muzaffargarh_2021.tif,410.78980641393895,0.821579612827878,0
Muzaffargarh,2022,493.27000000000004,27.25819178082192,42.324931506849325,6.37,27.25819178082192,21.162465753424662,1000,1,0.2,0.13,Muzaffargarh_2022.tif,392.6000467757439,0.7852000935514878,0
Muzaffargarh,2023,364.8299999999998,27.211753424657537,39.84882191780823,5.76,27.211753424657537,19.924410958904115,1000,1,-0.135,-0.088,Muzaffargarh_2023.tif,553.9096807840863,1.0,0
Kot Addu,2021,191.35000000000002,27.523013698630145,34.86038356164385,6.55,27.523013698630145,17.430191780821925,1000,1,0.073,0.047,Kot_Addu_2021.tif,92.97529956135854,0.18595059912271708,1
Kot Addu,2022,513.86,27.004547945205495,42.374301369863026,6.55,27.004547945205495,21.187150684931513,1000,1,-0.012,-0.008,Kot_Addu_2022.tif,146.66299444697043,0.29332598889394085,1
Kot Addu,2023,402.0399999999997,26.894438356164382,40.70065753424659,5.04,26.894438356164382,20.350328767123294,1000,1,-0.049,-0.032,Kot_Addu_2023.tif,407.5266347280676,0.8150532694561352,0
Sukkur,2021,109.07999999999998,29.2889315068493,30.06775342465753,5.74,29.2889315068493,15.033876712328764,1000,1,-0.178,-0.116,Sukkur_2021.tif,266.7859504176895,0.533571900835379,0
Sukkur,2022,1545.6500000000003,27.51487671232877,46.95271232876713,6.76,27.51487671232877,23.476356164383564,1000,1,0.348,0.226,Sukkur_2022.tif,51.14731308975923,0.10229462617951846,1
Sukkur,2023,348.1100000000001,28.348931506849326,37.828547945205464,6.27,28.348931506849326,18.914273972602732,1000,1,-0.247,-0.161,Sukkur_2023.tif,378.7945814521314,0.7575891629042628,0
Rohri,2021,109.07999999999998,29.2889315068493,30.06775342465753,5.74,29.2889315068493,15.033876712328764,1000,1,0.009,0.006,Rohri_2021.tif,111.94989190407773,0.22389978380815545,1
Rohri,2022,1545.6500000000003,27.51487671232877,46.95271232876713,6.76,27.51487671232877,23.476356164383564,1000,1,-0.326,-0.212,Rohri_2022.tif,51.62712110193139,0.10325424220386277,1
Rohri,2023,348.1100000000001,28.348931506849326,37.828547945205464,6.27,28.348931506849326,18.914273972602732,1000,1,-0.019,-0.012,Rohri_2023.tif,598.4155749433501,1.0,0
Shikarpur,2021,124.97000000000003,29.474739726027373,28.71800000000001,5.25,29.474739726027373,14.359000000000005,1000,1,0.077,0.05,Shikarpur_2021.tif,494.31528270482335,0.9886305654096467,0
Shikarpur,2022,1881.2299999999998,27.62205479452055,45.911041095890425,5.82,27.62205479452055,22.955520547945213,1000,1,0.258,0.168,Shikarpur_2022.tif,332.61236781543937,0.6652247356308787,0
Shikarpur,2023,308.2,28.652054794520513,35.97704109589041,5.69,28.652054794520513,17.988520547945203,1000,1,0.093,0.06,Shikarpur_2023.tif,279.15453771913235,0.5583090754382647,0
Ghotki,2021,131.38,29.15616438356165,30.359999999999985,5.67,29.15616438356165,15.179999999999993,1000,1,0.131,0.085,Ghotki_2021.tif,224.67782599787657,0.4493556519957531,0
Ghotki,2022,1177.7999999999997,27.533205479452057,45.999616438356156,6.04,27.533205479452057,22.999808219178078,1000,1,-0.183,-0.119,Ghotki_2022.tif,102.9197265525762,0.2058394531051524,1
Ghotki,2023,330.25999999999993,28.341205479452043,37.528164383561624,6.1,28.341205479452043,18.764082191780812,1000,1,0.119,0.077,Ghotki_2023.tif,463.86092280588383,0.9277218456117676,0
Kandhkot,2021,131.38,29.15616438356165,30.359999999999985,5.67,29.15616438356165,15.179999999999993,1000,1,0.366,0.238,Kandhkot_2021.tif,185.92059929280384,0.3718411985856077,0
Kandhkot,2022,1177.7999999999997,27.533205479452057,45.999616438356156,6.04,27.533205479452057,22.999808219178078,1000,1,0.09,0.058,Kandhkot_2022.tif,436.66442579966895,0.8733288515993379,0
Kandhkot,2023,330.25999999999993,28.341205479452043,37.528164383561624,6.1,28.341205479452043,18.764082191780812,1000,1,-0.321,-0.209,Kandhkot_2023.tif,302.7538158838104,0.6055076317676208,0
Kashmore,2021,151.49000000000007,28.842027397260264,29.386027397260303,5.8,28.842027397260264,14.693013698630152,1000,1,-0.019,-0.012,Kashmore_2021.tif,497.6164695133062,0.9952329390266124,0
Kashmore,2022,1376.8600000000001,27.297013698630135,45.173671232876714,6.15,27.297013698630135,22.586835616438357,1000,1,-0.052,-0.034,Kashmore_2022.tif,335.6017421075494,0.6712034842150988,0
Kashmore,2023,338.3099999999997,27.964520547945195,37.223178082191765,4.88,27.964520547945195,18.611589041095883,1000,1,-0.37,-0.24,Kashmore_2023.tif,264.6855906543939,0.5293711813087878,0
Sehwan,2021,155.08,29.17161643835614,33.600849315068494,7.65,29.17161643835614,16.800424657534247,1000,1,0.215,0.14,Sehwan_2021.tif,388.7135043153273,0.7774270086306546,0
Sehwan,2022,1071.9599999999998,27.55912328767126,49.78167123287673,6.98,27.55912328767126,24.890835616438366,1000,1,0.157,0.102,Sehwan_2022.tif,348.4597171883492,0.6969194343766985,0
Sehwan,2023,278.0199999999999,28.61479452054792,39.135808219178074,6.48,28.61479452054792,19.567904109589037,1000,1,0.065,0.042,Sehwan_2023.tif,121.08874062868065,0.2421774812573613,1
Dadu,2021,138.38000000000005,28.330465753424658,33.73276712328768,8.87,28.330465753424658,16.86638356164384,1000,1,-0.52,-0.338,Dadu_2021.tif,469.9261956140274,0.9398523912280548,0
Dadu,2022,1273.6299999999999,26.97597260273972,48.76972602739727,7.64,26.97597260273972,24.384863013698634,1000,1,-0.121,-0.079,Dadu_2022.tif,237.66475049203322,0.47532950098406646,0
Dadu,2023,293.83,27.735424657534242,39.66715068493154,7.33,27.735424657534242,19.83357534246577,1000,1,0.048,0.031,Dadu_2023.tif,235.41301180315764,0.4708260236063153,0
Keti Bunder,2021,549.5599999999995,26.602356164383554,67.20243835616444,9.72,26.602356164383554,33.60121917808222,1000,1,0.282,0.183,Keti_Bunder_2021.tif,50.542657279105775,0.10108531455821156,1
Keti Bunder,2022,1062.6599999999999,26.51095890410959,70.93580821917814,7.66,26.51095890410959,35.46790410958907,1000,1,-0.068,-0.044,Keti_Bunder_2022.tif,249.87723128819127,0.49975446257638256,0
Keti Bunder,2023,400.9799999999997,26.49454794520549,67.37331506849317,8.45,26.49454794520549,33.686657534246585,1000,1,0.203,0.132,Keti_Bunder_2023.tif,359.50365428355775,0.7190073085671155,0
Shah Bunder,2021,722.26,26.922136986301375,60.40835616438356,8.85,26.922136986301375,30.20417808219178,1000,1,0.239,0.155,Shah_Bunder_2021.tif,580.7618816415708,1.0,0
Shah Bunder,2022,1127.6800000000003,26.82471232876712,64.83227397260279,7.81,26.82471232876712,32.416136986301396,1000,1,0.009,0.006,Shah_Bunder_2022.tif,465.8073093813091,0.9316146187626182,0
Shah Bunder,2023,593.8099999999998,26.789287671232852,60.925999999999995,8.54,26.789287671232852,30.462999999999997,1000,1,-0.249,-0.162,Shah_Bunder_2023.tif,305.3312891963461,0.6106625783926922,0
Kharo Chan,2021,549.5599999999995,26.602356164383554,67.20243835616444,9.72,26.602356164383554,33.60121917808222,1000,1,-0.192,-0.125,Kharo_Chan_2021.tif,402.9328679604236,0.8058657359208472,0
Kharo Chan,2022,1062.6599999999999,26.51095890410959,70.93580821917814,7.66,26.51095890410959,35.46790410958907,1000,1,-0.528,-0.343,Kharo_Chan_2022.tif,587.3286374456364,1.0,0
Kharo Chan,2023,400.9799999999997,26.49454794520549,67.37331506849317,8.45,26.49454794520549,33.686657534246585,1000,1,0.031,0.02,Kharo_Chan_2023.tif,480.2349038614008,0.9604698077228017,0
Jati,2021,766.6799999999998,27.382438356164386,53.90463013698633,8.01,27.382438356164386,26.952315068493164,1000,1,-0.388,-0.252,Jati_2021.tif,411.51351973977097,0.8230270394795419,0
Jati,2022,849.9999999999999,27.05701369863018,60.650328767123376,7.53,27.05701369863018,30.325164383561688,1000,1,-0.241,-0.157,Jati_2022.tif,375.71428308689997,0.7514285661737999,0
Jati,2023,417.21000000000004,27.183232876712317,55.38967123287675,8.16,27.183232876712317,27.694835616438375,1000,1,-0.512,-0.333,Jati_2023.tif,221.1321703593222,0.4422643407186444,0
Mirpur Sakro,2021,448.19000000000005,26.852082191780816,60.77873972602745,9.02,26.852082191780816,30.389369863013727,1000,1,-0.261,-0.17,Mirpur_Sakro_2021.tif,379.92281263270684,0.7598456252654137,0
Mirpur Sakro,2022,807.81,26.51021917808216,67.36136986301373,7.69,26.51021917808216,33.68068493150687,1000,1,0.225,0.146,Mirpur_Sakro_2022.tif,433.20738847335025,0.8664147769467005,0
Mirpur Sakro,2023,256.3099999999998,26.78276712328767,61.09410958904106,8.1,26.78276712328767,30.54705479452053,1000,1,0.128,0.083,Mirpur_Sakro_2023.tif,310.5736624405073,0.6211473248810145,0
Ghorabari,2021,448.19000000000005,26.852082191780816,60.77873972602745,9.02,26.852082191780816,30.389369863013727,1000,1,0.24,0.156,Ghorabari_2021.tif,314.233887863806,0.628467775727612,0
Ghorabari,2022,807.81,26.51021917808216,67.36136986301373,7.69,26.51021917808216,33.68068493150687,1000,1,0.237,0.154,Ghorabari_2022.tif,489.6904005486483,0.9793808010972966,0
Ghorabari,2023,256.3099999999998,26.78276712328767,61.09410958904106,8.1,26.78276712328767,30.54705479452053,1000,1,-0.488,-0.317,Ghorabari_2023.tif,347.1891028152046,0.6943782056304092,0
Sanghar / Sinjhoro (Makhi Forest area),2021,214.78,28.77210958904108,37.92810958904111,7.32,28.77210958904108,18.964054794520553,1000,1,-0.071,-0.046,Sanghar___Sinjhoro__Makhi_Forest_area__2021.tif,200.63757672514905,0.40127515345029807,0
Sanghar / Sinjhoro (Makhi Forest area),2022,884.98,27.482821917808234,52.259232876712346,6.91,27.482821917808234,26.129616438356173,1000,1,-0.025,-0.016,Sanghar___Sinjhoro__Makhi_Forest_area__2022.tif,270.2317863912682,0.5404635727825364,0
Sanghar / Sinjhoro (Makhi Forest area),2023,245.67000000000004,28.407205479452077,42.058328767123314,6.24,28.407205479452077,21.029164383561657,1000,1,-0.403,-0.262,Sanghar___Sinjhoro__Makhi_Forest_area__2023.tif,458.2759201651909,0.9165518403303817,0
Badin (Hadero Lake forests),2021,767.3099999999998,27.71663013698629,50.91917808219176,7.69,27.71663013698629,25.45958904109588,1000,1,-0.265,-0.172,Badin__Hadero_Lake_forests__2021.tif,450.3326688562134,0.9006653377124267,0
Badin (Hadero Lake forests),2022,863.7400000000001,27.361671232876716,57.11673972602741,7.63,27.361671232876716,28.558369863013706,1000,1,0.185,0.12,Badin__Hadero_Lake_forests__2022.tif,191.87234478830385,0.3837446895766077,0
Badin (Hadero Lake forests),2023,434.9199999999999,27.532164383561664,52.52243835616438,8.41,27.532164383561664,26.26121917808219,1000,1,0.218,0.142,Badin__Hadero_Lake_forests__2023.tif,124.56498861800401,0.24912997723600802,1
Karachi (Clifton Urban Forest zone),2021,276.88,26.414931506849296,64.81906849315072,8.44,26.414931506849296,32.40953424657536,1000,1,-0.476,-0.309,Karachi__Clifton_Urban_Forest_zone__2021.tif,148.33963475433427,0.2966792695086685,1
Karachi (Clifton Urban Forest zone),2022,782.9899999999999,25.97928767123288,71.519698630137,7.47,25.97928767123288,35.7598493150685,1000,1,-0.206,-0.134,Karachi__Clifton_Urban_Forest_zone__2022.tif,315.5345704158539,0.6310691408317078,0
Karachi (Clifton Urban Forest zone),2023,160.74999999999997,26.397698630137008,65.2589589041096,7.69,26.397698630137008,32.6294794520548,1000,1,0.293,0.19,Karachi__Clifton_Urban_Forest_zone__2023.tif,283.3473110140083,0.5666946220280166,0
Hyderabad,2021,300.36,27.419780821917815,45.078054794520575,8.6,27.419780821917815,22.539027397260288,1000,1,0.105,0.068,Hyderabad_2021.tif,222.80314698942814,0.44560629397885626,0
Hyderabad,2022,790.4399999999998,26.63558904109589,57.01419178082198,8.0,26.63558904109589,28.50709589041099,1000,1,-0.23,-0.15,Hyderabad_2022.tif,146.86376578333403,0.2937275315666681,1
Hyderabad,2023,240.46000000000004,27.199095890410963,48.18854794520551,7.74,27.199095890410963,24.094273972602753,1000,1,0.294,0.191,Hyderabad_2023.tif,485.5496487115867,0.9710992974231735,0
Larkana,2021,104.58000000000004,29.66008219178081,27.235671232876715,5.74,29.66008219178081,13.617835616438358,1000,1,0.443,0.288,Larkana_2021.tif,404.13248011924713,0.8082649602384943,0
Larkana,2022,1270.15,27.69090410958903,45.01093150684933,5.59,27.69090410958903,22.505465753424666,1000,1,0.005,0.003,Larkana_2022.tif,123.8061585650462,0.2476123171300924,1
Larkana,2023,340.1199999999999,28.758684931506846,35.24312328767128,6.04,28.758684931506846,17.62156164383564,1000,1,0.336,0.218,Larkana_2023.tif,118.77813772409176,0.23755627544818353,1
Mirpur Khas,2021,321.65,28.308520547945196,42.25232876712329,7.3,28.308520547945196,21.126164383561644,1000,1,0.221,0.144,Mirpur_Khas_2021.tif,347.01499947713324,0.6940299989542665,0
Mirpur Khas,2022,799.3299999999999,27.376109589041107,54.15030136986302,7.28,27.376109589041107,27.07515068493151,1000,1,0.129,0.084,Mirpur_Khas_2022.tif,140.26037449761176,0.2805207489952235,1
Mirpur Khas,2023,255.49,28.095863013698644,45.265561643835625,7.11,28.095863013698644,22.632780821917812,1000,1,-0.116,-0.075,Mirpur_Khas_2023.tif,416.38194020547974,0.8327638804109595,0
Ziarat,2021,607.21,14.761205479452055,36.01857534246577,6.82,14.761205479452055,18.009287671232887,1000,1,-0.141,-0.092,Ziarat_2021.tif,499.64226666699375,0.9992845333339875,0
Ziarat,2022,706.87,13.896794520547944,49.10180821917813,6.03,13.896794520547944,24.550904109589066,1000,1,0.021,0.014,Ziarat_2022.tif,428.69495105317486,0.8573899021063497,0
Ziarat,2023,364.94000000000017,14.504410958904117,42.58627397260271,6.73,14.504410958904117,21.293136986301356,1000,1,0.188,0.122,Ziarat_2023.tif,326.15478802675716,0.6523095760535144,0
Quetta,2021,614.9200000000001,16.644876712328763,32.34389041095894,5.88,16.644876712328763,16.17194520547947,1000,1,0.188,0.122,Quetta_2021.tif,591.9180304089107,1.0,0
Quetta,2022,702.5899999999998,15.788849315068495,46.78035616438352,5.56,15.788849315068495,23.39017808219176,1000,1,-0.251,-0.163,Quetta_2022.tif,100.34210356722086,0.2006842071344417,1
Quetta,2023,325.2899999999999,16.447260273972596,40.45528767123289,6.59,16.447260273972596,20.227643835616444,1000,1,0.013,0.008,Quetta_2023.tif,312.95015397712933,0.6259003079542587,0
Kalat,2021,205.32000000000005,17.68202739726027,30.172493150684925,9.02,17.68202739726027,15.086246575342463,1000,1,-0.065,-0.042,Kalat_2021.tif,61.431333196134695,0.12286266639226939,1
Kalat,2022,790.3399999999998,16.587506849315073,45.92224657534247,9.62,16.587506849315073,22.961123287671235,1000,1,-0.391,-0.254,Kalat_2022.tif,258.83824835074233,0.5176764967014846,0
Kalat,2023,283.77999999999975,17.288547945205472,39.761945205479414,8.86,17.288547945205472,19.880972602739707,1000,1,0.16,0.104,Kalat_2023.tif,422.45596219939716,0.8449119243987944,0
Khuzdar,2021,128.21,22.169534246575353,26.945561643835635,7.11,22.169534246575353,13.472780821917818,1000,1,0.425,0.276,Khuzdar_2021.tif,139.45784813380544,0.27891569626761087,1
Khuzdar,2022,1090.7099999999998,20.67161643835617,44.889452054794525,7.55,20.67161643835617,22.444726027397262,1000,1,0.021,0.014,Khuzdar_2022.tif,80.51947799027599,0.16103895598055198,1
Khuzdar,2023,303.81000000000006,21.51380821917808,36.87879452054795,6.22,21.51380821917808,18.439397260273974,1000,1,-0.098,-0.064,Khuzdar_2023.tif,91.73153039300917,0.18346306078601834,1
Gwadar,2021,98.38000000000004,26.34032876712326,69.7802739726028,11.05,26.34032876712326,34.8901369863014,1000,1,0.232,0.151,Gwadar_2021.tif,280.2038220308028,0.5604076440616057,0
Gwadar,2022,271.6399999999999,26.482246575342465,72.64591780821911,9.55,26.482246575342465,36.322958904109555,1000,1,0.031,0.02,Gwadar_2022.tif,448.6512114510748,0.8973024229021496,0
Gwadar,2023,262.03000000000003,26.306958904109596,73.92465753424652,10.83,26.306958904109596,36.96232876712326,1000,1,-0.165,-0.107,Gwadar_2023.tif,252.92141233845902,0.505842824676918,0
Turbat,2021,82.5,26.8729315068493,36.07523287671233,13.96,26.8729315068493,18.037616438356164,1000,1,-0.291,-0.189,Turbat_2021.tif,565.0674117779363,1.0,0
Turbat,2022,262.73,26.855287671232887,41.86065753424658,10.6,26.855287671232887,20.93032876712329,1000,1,0.189,0.123,Turbat_2022.tif,146.6105754407523,0.29322115088150463,1
Turbat,2023,444.71999999999974,26.465260273972596,45.711369863013644,15.01,26.465260273972596,22.855684931506822,1000,1,0.203,0.132,Turbat_2023.tif,592.1693589716166,1.0,0
Loralai,2021,450.6200000000001,18.89465753424658,33.75520547945209,6.82,18.89465753424658,16.877602739726044,1000,1,-0.06,-0.039,Loralai_2021.tif,282.0521323032105,0.564104264606421,0
Loralai,2022,690.27,17.8732602739726,46.99189041095891,7.28,17.8732602739726,23.495945205479455,1000,1,0.337,0.219,Loralai_2022.tif,130.29315998993178,0.26058631997986353,1
Loralai,2023,447.49999999999994,18.350465753424665,41.13490410958903,6.38,18.350465753424665,20.567452054794515,1000,1,0.171,0.111,Loralai_2023.tif,578.6827288277278,1.0,0
Harnai,2021,335.66999999999996,21.97098630136986,31.04197260273974,6.09,21.97098630136986,15.52098630136987,1000,1,-0.226,-0.147,Harnai_2021.tif,493.0575956575562,0.9861151913151124,0
Harnai,2022,784.9099999999994,20.92928767123286,45.25578082191781,6.48,20.92928767123286,22.627890410958905,1000,1,-0.473,-0.307,Harnai_2022.tif,274.5883218928649,0.5491766437857297,0
Harnai,2023,468.98,21.29279452054793,39.13328767123285,5.5,21.29279452054793,19.566643835616425,1000,1,-0.524,-0.341,Harnai_2023.tif,528.4200003363674,1.0,0
Barkhan,2021,322.73999999999984,22.82978082191781,34.22643835616439,7.31,22.82978082191781,17.113219178082193,1000,1,0.433,0.281,Barkhan_2021.tif,243.0713804972888,0.4861427609945776,0
Barkhan,2022,682.1200000000001,22.10115068493153,45.16331506849316,6.01,22.10115068493153,22.58165753424658,1000,1,-0.259,-0.168,Barkhan_2022.tif,348.4247934002204,0.6968495868004407,0
Barkhan,2023,583.2699999999999,21.94227397260274,43.01953424657534,5.43,21.94227397260274,21.50976712328767,1000,1,0.006,0.004,Barkhan_2023.tif,463.78205741727544,0.9275641148345509,0
Musakhel,2021,324.07000000000005,20.66101369863014,35.91430136986304,6.88,20.66101369863014,17.95715068493152,1000,1,-0.063,-0.041,Musakhel_2021.tif,358.8001157825802,0.7176002315651604,0
Musakhel,2022,531.66,20.27158904109589,44.517589041095896,5.59,20.27158904109589,22.258794520547948,1000,1,0.042,0.027,Musakhel_2022.tif,548.5563971468745,1.0,0
Musakhel,2023,518.6099999999999,20.097315068493142,42.67668493150686,5.72,20.097315068493142,21.33834246575343,1000,1,0.108,0.07,Musakhel_2023.tif,401.49027573391203,0.8029805514678241,0
Zarghoon / Hanna (near Quetta),2021,795.2199999999998,16.39772602739725,32.442739726027355,4.88,16.39772602739725,16.221369863013678,1000,1,-0.105,-0.068,Zarghoon___Hanna__near_Quetta__2021.tif,450.5714273100091,0.9011428546200182,0
Zarghoon / Hanna (near Quetta),2022,725.0899999999998,15.684191780821914,45.6054520547945,4.86,15.684191780821914,22.80272602739725,1000,1,0.145,0.094,Zarghoon___Hanna__near_Quetta__2022.tif,363.32249477851593,0.7266449895570318,0
Zarghoon / Hanna (near Quetta),2023,342.74,16.236794520547942,39.54783561643835,5.92,16.236794520547942,19.773917808219174,1000,1,0.237,0.154,Zarghoon___Hanna__near_Quetta__2023.tif,441.4935090838417,0.8829870181676833,0
Harboi (near Kalat),2021,205.32000000000005,17.68202739726027,30.172493150684925,9.02,17.68202739726027,15.086246575342463,1000,1,-0.196,-0.127,Harboi__near_Kalat__2021.tif,537.527770171394,1.0,0
Harboi (near Kalat),2022,790.3399999999998,16.587506849315073,45.92224657534247,9.62,16.587506849315073,22.961123287671235,1000,1,0.183,0.119,Harboi__near_Kalat__2022.tif,116.49072012212714,0.2329814402442543,1
Harboi (near Kalat),2023,283.77999999999975,17.288547945205472,39.761945205479414,8.86,17.288547945205472,19.880972602739707,1000,1,0.225,0.146,Harboi__near_Kalat__2023.tif,52.04251059855012,0.10408502119710025,1
Takatu Mountain settlements,2021,795.2199999999998,16.39772602739725,32.442739726027355,4.88,16.39772602739725,16.221369863013678,1000,1,-0.479,-0.311,Takatu_Mountain_settlements_2021.tif,542.8802801125652,1.0,0
Takatu Mountain settlements,2022,725.0899999999998,15.684191780821914,45.6054520547945,4.86,15.684191780821914,22.80272602739725,1000,1,-0.398,-0.259,Takatu_Mountain_settlements_2022.tif,582.2510179905208,1.0,0
Takatu Mountain settlements,2023,342.74,16.236794520547942,39.54783561643835,5.92,16.236794520547942,19.773917808219174,1000,1,0.087,0.057,Takatu_Mountain_settlements_2023.tif,90.24220589198183,0.18048441178396366,1
Suleiman Range foothill settlements,2021,324.07000000000005,20.66101369863014,35.91430136986304,6.88,20.66101369863014,17.95715068493152,1000,1,0.097,0.063,Suleiman_Range_foothill_settlements_2021.tif,231.09675023871515,0.4621935004774303,0
Suleiman Range foothill settlements,2022,531.66,20.27158904109589,44.517589041095896,5.59,20.27158904109589,22.258794520547948,1000,1,0.053,0.034,Suleiman_Range_foothill_settlements_2022.tif,134.5461587478588,0.2690923174957176,1
Suleiman Range foothill settlements,2023,518.6099999999999,20.097315068493142,42.67668493150686,5.72,20.097315068493142,21.33834246575343,1000,1,-0.003,-0.002,Suleiman_Range_foothill_settlements_2023.tif,450.1116873411367,0.9002233746822734,0
Gilgit,2021,317.78999999999996,1.2547397260273982,57.15153424657534,2.22,1.2547397260273982,28.57576712328767,1000,1,0.184,0.12,Gilgit_2021.tif,190.8235148191221,0.3816470296382442,0
Gilgit,2022,345.6299999999999,2.1096438356164344,59.88197260273972,2.4,2.1096438356164344,29.94098630136986,1000,1,0.023,0.015,Gilgit_2022.tif,378.31418915199504,0.7566283783039901,0
Gilgit,2023,336.87999999999994,2.396246575342466,57.48895890410952,2.32,2.396246575342466,28.74447945205476,1000,1,0.139,0.09,Gilgit_2023.tif,378.35470678086807,0.7567094135617362,0
Skardu,2021,467.14,-0.799643835616438,58.85498630136991,2.61,-0.799643835616438,29.427493150684956,1000,1,-0.188,-0.122,Skardu_2021.tif,257.998551437154,0.515997102874308,0
Skardu,2022,461.95,-0.08791780821917848,60.7189863013699,2.5,-0.08791780821917848,30.35949315068495,1000,1,-0.399,-0.259,Skardu_2022.tif,573.1690466336173,1.0,0
Skardu,2023,488.89999999999986,0.10569863013698669,59.06542465753418,3.03,0.10569863013698669,29.53271232876709,1000,1,-0.233,-0.151,Skardu_2023.tif,361.687913574076,0.723375827148152,0
Astore,2021,514.4800000000002,0.9117534246575346,60.45517808219178,2.31,0.9117534246575346,30.22758904109589,1000,1,0.333,0.216,Astore_2021.tif,123.27387532844828,0.24654775065689657,0
Astore,2022,519.5999999999998,1.4721643835616427,62.649890410958875,2.41,1.4721643835616427,31.324945205479438,1000,1,0.404,0.263,Astore_2022.tif,236.77608096038423,0.4735521619207685,0
Astore,2023,538.8199999999996,1.9395342465753413,60.21326027397264,2.75,1.9395342465753413,30.10663013698632,1000,1,0.021,0.014,Astore_2023.tif,88.19336383949538,0.17638672767899075,0
Rama Meadows settlements,2021,795.9000000000003,-3.2119178082191784,77.13832876712333,6.81,-3.2119178082191784,38.56916438356166,1000,1,-0.127,-0.083,Rama_Meadows_settlements_2021.tif,314.37845478762165,0.6287569095752433,0
Rama Meadows settlements,2022,768.3699999999998,-2.1019178082191785,76.7945753424658,3.7,-2.1019178082191785,38.3972876712329,1000,1,-0.108,-0.07,Rama_Meadows_settlements_2022.tif,533.6945861250656,1.0,0
Rama Meadows settlements,2023,808.8799999999993,-2.167342465753423,77.27484931506854,8.23,-2.167342465753423,38.63742465753427,1000,1,0.166,0.108,Rama_Meadows_settlements_2023.tif,166.97233349855776,0.3339446669971155,0
Hunza,2021,215.52,-3.1739178082191826,58.051643835616474,3.48,-3.1739178082191826,29.025821917808237,1000,1,-0.264,-0.172,Hunza_2021.tif,382.7893115222295,0.765578623044459,0
Hunza,2022,199.62000000000006,-2.0052328767123275,60.292849315068494,3.87,-2.0052328767123275,30.146424657534247,1000,1,-0.468,-0.304,Hunza_2022.tif,64.54127919694552,0.12908255839389104,0
Hunza,2023,205.6600000000001,-2.028273972602739,58.11216438356166,4.0,-2.028273972602739,29.05608219178083,1000,1,-0.244,-0.159,Hunza_2023.tif,131.53997755541968,0.26307995511083937,0
Nagar,2021,355.73999999999984,-3.8067397260274,64.15863013698626,2.95,-3.8067397260274,32.07931506849313,1000,1,0.151,0.098,Nagar_2021.tif,502.95685416489795,1.0,0
Nagar,2022,361.06999999999994,-2.9401369863013715,66.63983561643838,2.64,-2.9401369863013715,33.31991780821919,1000,1,0.078,0.051,Nagar_2022.tif,514.2499948507545,1.0,0
Nagar,2023,378.63999999999993,-2.8378082191780822,64.69586301369864,2.72,-2.8378082191780822,32.34793150684932,1000,1,0.531,0.345,Nagar_2023.tif,146.2034459819822,0.2924068919639644,0
Gahkuch (Ghizer),2021,286.2200000000001,0.45821917808219326,58.54054794520546,2.68,0.45821917808219326,29.27027397260273,1000,1,0.259,0.168,Gahkuch__Ghizer__2021.tif,459.35599148630837,0.9187119829726167,0
Gahkuch (Ghizer),2022,330.58,1.5258356164383553,60.41676712328774,2.8,1.5258356164383553,30.20838356164387,1000,1,0.082,0.053,Gahkuch__Ghizer__2022.tif,589.6268732976195,1.0,0
Gahkuch (Ghizer),2023,293.95,1.7765205479452046,57.6937808219178,2.93,1.7765205479452046,28.8468904109589,1000,1,0.112,0.073,Gahkuch__Ghizer__2023.tif,229.16800968194516,0.45833601936389035,0
Phander,2021,326.0699999999999,-2.999917808219178,60.44764383561649,3.56,-2.999917808219178,30.223821917808245,1000,1,-0.139,-0.09,Phander_2021.tif,227.63848836888852,0.455276976737777,0
Phander,2022,390.58999999999986,-1.8838904109589025,62.105506849315155,3.43,-1.8838904109589025,31.052753424657578,1000,1,0.266,0.173,Phander_2022.tif,437.9573300459573,0.8759146600919145,0
Phander,2023,332.4599999999998,-1.7394520547945176,59.273178082191706,3.01,-1.7394520547945176,29.636589041095853,1000,1,0.447,0.291,Phander_2023.tif,539.0167459290126,1.0,0
Yasin,2021,216.3700000000001,-3.427616438356168,54.44153424657535,2.87,-3.427616438356168,27.220767123287676,1000,1,-0.259,-0.168,Yasin_2021.tif,214.8206937623108,0.4296413875246216,0
Yasin,2022,214.6700000000001,-1.8277534246575327,53.17043835616439,3.32,-1.8277534246575327,26.585219178082195,1000,1,-0.138,-0.09,Yasin_2022.tif,192.65925207493416,0.3853185041498683,0
Yasin,2023,163.44000000000014,-1.8599178082191805,50.83375342465752,3.25,-1.8599178082191805,25.41687671232876,1000,1,-0.561,-0.365,Yasin_2023.tif,485.5437997027428,0.9710875994054855,0
Bagrot Valley settlements,2021,317.78999999999996,1.2547397260273982,57.15153424657534,2.22,1.2547397260273982,28.57576712328767,1000,1,0.271,0.176,Bagrot_Valley_settlements_2021.tif,546.6450822145016,1.0,0
Bagrot Valley settlements,2022,345.6299999999999,2.1096438356164344,59.88197260273972,2.4,2.1096438356164344,29.94098630136986,1000,1,0.206,0.134,Bagrot_Valley_settlements_2022.tif,332.0856916699339,0.6641713833398678,0
Bagrot Valley settlements,2023,336.87999999999994,2.396246575342466,57.48895890410952,2.32,2.396246575342466,28.74447945205476,1000,1,-0.03,-0.019,Bagrot_Valley_settlements_2023.tif,377.8776172631496,0.7557552345262992,0
Naltar Bala,2021,317.78999999999996,1.2547397260273982,57.15153424657534,2.22,1.2547397260273982,28.57576712328767,1000,1,-0.109,-0.071,Naltar_Bala_2021.tif,395.20049404201217,0.7904009880840244,0
Naltar Bala,2022,345.6299999999999,2.1096438356164344,59.88197260273972,2.4,2.1096438356164344,29.94098630136986,1000,1,0.257,0.167,Naltar_Bala_2022.tif,393.8837047865507,0.7877674095731014,0
Naltar Bala,2023,336.87999999999994,2.396246575342466,57.48895890410952,2.32,2.396246575342466,28.74447945205476,1000,1,0.012,0.008,Naltar_Bala_2023.tif,394.7253558084316,0.7894507116168632,0
Muzaffarabad,2021,1472.309999999999,10.369479452054792,64.25682191780815,2.45,10.369479452054792,32.12841095890408,1000,1,0.162,0.105,Muzaffarabad_2021.tif,51.549892893261955,0.10309978578652391,0
Muzaffarabad,2022,1328.769999999999,11.019643835616437,64.27547945205485,2.17,11.019643835616437,32.13773972602743,1000,1,0.065,0.042,Muzaffarabad_2022.tif,208.38579527013394,0.41677159054026786,0
Muzaffarabad,2023,1375.3500000000001,10.529945205479445,67.41904109589046,2.04,10.529945205479445,33.70952054794523,1000,1,0.046,0.03,Muzaffarabad_2023.tif,293.61113549112156,0.5872222709822431,0
Rawalakot,2021,1511.1699999999987,14.065534246575341,64.08389041095887,2.59,14.065534246575341,32.041945205479436,1000,1,-0.381,-0.248,Rawalakot_2021.tif,472.0718607575491,0.9441437215150982,0
Rawalakot,2022,1367.5399999999986,14.541452054794508,65.07550684931509,2.65,14.541452054794508,32.537753424657545,1000,1,0.089,0.058,Rawalakot_2022.tif,127.58232725034121,0.25516465450068243,0
Rawalakot,2023,1315.8899999999992,14.056164383561663,68.05575342465755,2.53,14.056164383561663,34.027876712328776,1000,1,0.558,0.363,Rawalakot_2023.tif,525.0696911447526,1.0,0
Bagh,2021,1511.1699999999987,14.065534246575341,64.08389041095887,2.59,14.065534246575341,32.041945205479436,1000,1,0.021,0.014,Bagh_2021.tif,366.0993337347859,0.7321986674695717,0
Bagh,2022,1367.5399999999986,14.541452054794508,65.07550684931509,2.65,14.541452054794508,32.537753424657545,1000,1,0.238,0.155,Bagh_2022.tif,588.92297984916,1.0,0
Bagh,2023,1315.8899999999992,14.056164383561663,68.05575342465755,2.53,14.056164383561663,34.027876712328776,1000,1,-0.215,-0.14,Bagh_2023.tif,268.1606134319149,0.5363212268638298,0
Kotli,2021,1608.6399999999994,20.22865753424658,57.47983561643837,4.08,20.22865753424658,28.739917808219186,1000,1,-0.106,-0.069,Kotli_2021.tif,349.2812989450861,0.6985625978901723,0
Kotli,2022,1557.7299999999996,20.48863013698631,58.83186301369868,3.81,20.48863013698631,29.41593150684934,1000,1,-0.354,-0.23,Kotli_2022.tif,232.17646731864798,0.46435293463729593,0
Kotli,2023,1359.36,19.929095890410963,62.04726027397263,2.77,19.929095890410963,31.023630136986316,1000,1,0.043,0.028,Kotli_2023.tif,402.3369442669505,0.8046738885339011,0
Bhimber,2021,1317.9700000000003,22.06128767123289,55.175452054794505,4.02,22.06128767123289,27.587726027397252,1000,1,-0.339,-0.22,Bhimber_2021.tif,430.2911110135793,0.8605822220271586,0
Bhimber,2022,1498.3399999999997,22.19805479452057,57.428465753424675,3.8,22.19805479452057,28.714232876712337,1000,1,-0.01,-0.007,Bhimber_2022.tif,78.88380882837002,0.15776761765674005,1
Bhimber,2023,1399.5900000000001,21.4305205479452,61.22304109589042,2.89,21.4305205479452,30.61152054794521,1000,1,-0.094,-0.061,Bhimber_2023.tif,115.26706119538369,0.23053412239076737,1
Neelum Valley towns,2021,1472.309999999999,10.369479452054792,64.25682191780815,2.45,10.369479452054792,32.12841095890408,1000,1,0.087,0.057,Neelum_Valley_towns_2021.tif,121.62813520120274,0.24325627040240547,0
Neelum Valley towns,2022,1328.769999999999,11.019643835616437,64.27547945205485,2.17,11.019643835616437,32.13773972602743,1000,1,0.263,0.171,Neelum_Valley_towns_2022.tif,204.03356389600555,0.4080671277920111,0
Neelum Valley towns,2023,1375.3500000000001,10.529945205479445,67.41904109589046,2.04,10.529945205479445,33.70952054794523,1000,1,0.253,0.164,Neelum_Valley_towns_2023.tif,520.3872018663221,1.0,0
Keran,2021,1472.309999999999,10.369479452054792,64.25682191780815,2.45,10.369479452054792,32.12841095890408,1000,1,-0.023,-0.015,Keran_2021.tif,220.02998226865694,0.4400599645373139,0
Keran,2022,1328.769999999999,11.019643835616437,64.27547945205485,2.17,11.019643835616437,32.13773972602743,1000,1,-0.103,-0.067,Keran_2022.tif,370.1100619959557,0.7402201239919114,0
Keran,2023,1375.3500000000001,10.529945205479445,67.41904109589046,2.04,10.529945205479445,33.70952054794523,1000,1,-0.258,-0.168,Keran_2023.tif,210.8624476159631,0.4217248952319262,0
Sharda,2021,883.5199999999995,-1.2571506849315053,74.26210958904107,5.47,-1.2571506849315053,37.13105479452054,1000,1,0.276,0.179,Sharda_2021.tif,433.2263542520086,0.8664527085040172,0
Sharda,2022,848.9899999999998,-0.5548767123287686,75.5195890410959,3.57,-0.5548767123287686,37.75979452054795,1000,1,0.081,0.053,Sharda_2022.tif,494.762038945812,0.989524077891624,0
Sharda,2023,881.2699999999992,-0.41227397260273924,75.73090410958906,6.17,-0.41227397260273924,37.86545205479453,1000,1,0.124,0.081,Sharda_2023.tif,104.44252616583289,0.20888505233166577,0
Leepa / Reshian,2021,1472.309999999999,10.369479452054792,64.25682191780815,2.45,10.369479452054792,32.12841095890408,1000,1,0.04,0.026,Leepa___Reshian_2021.tif,227.948172085483,0.45589634417096603,0
Leepa / Reshian,2022,1328.769999999999,11.019643835616437,64.27547945205485,2.17,11.019643835616437,32.13773972602743,1000,1,-0.003,-0.002,Leepa___Reshian_2022.tif,567.6603212772364,1.0,0
Leepa / Reshian,2023,1375.3500000000001,10.529945205479445,67.41904109589046,2.04,10.529945205479445,33.70952054794523,1000,1,-0.022,-0.014,Leepa___Reshian_2023.tif,517.2778108917763,1.0,0
Forward Kahuta (Haveli),2021,1228.4399999999996,10.87134246575342,63.70753424657534,2.76,10.87134246575342,31.85376712328767,1000,1,-0.189,-0.123,Forward_Kahuta__Haveli__2021.tif,53.247429441309826,0.10649485888261966,0
Forward Kahuta (Haveli),2022,1200.1699999999998,11.340219178082192,64.37430136986298,2.49,11.340219178082192,32.18715068493149,1000,1,0.384,0.25,Forward_Kahuta__Haveli__2022.tif,116.20836200664107,0.23241672401328214,0
Forward Kahuta (Haveli),2023,1196.9099999999996,10.834767123287664,68.15257534246577,3.31,10.834767123287664,34.07628767123288,1000,1,-0.036,-0.023,Forward_Kahuta__Haveli__2023.tif,380.38615277506136,0.7607723055501228,0
Mong (Sudhnoti),2021,1608.6399999999994,20.22865753424658,57.47983561643837,4.08,20.22865753424658,28.739917808219186,1000,1,-0.402,-0.261,Mong__Sudhnoti__2021.tif,335.1570821141186,0.6703141642282372,0
Mong (Sudhnoti),2022,1557.7299999999996,20.48863013698631,58.83186301369868,3.81,20.48863013698631,29.41593150684934,1000,1,-0.175,-0.114,Mong__Sudhnoti__2022.tif,277.3280571558224,0.5546561143116449,0
Mong (Sudhnoti),2023,1359.36,19.929095890410963,62.04726027397263,2.77,19.929095890410963,31.023630136986316,1000,1,0.278,0.181,Mong__Sudhnoti__2023.tif,187.6538394905164,0.3753076789810328,0
Pir Chinasi region,2021,1472.309999999999,10.369479452054792,64.25682191780815,2.45,10.369479452054792,32.12841095890408,1000,1,-0.562,-0.365,Pir_Chinasi_region_2021.tif,528.1173492312564,1.0,0
Pir Chinasi region,2022,1328.769999999999,11.019643835616437,64.27547945205485,2.17,11.019643835616437,32.13773972602743,1000,1,0.31,0.202,Pir_Chinasi_region_2022.tif,57.440139471414945,0.11488027894282989,0
Pir Chinasi region,2023,1375.3500000000001,10.529945205479445,67.41904109589046,2.04,10.529945205479445,33.70952054794523,1000,1,-0.184,-0.12,Pir_Chinasi_region_2023.tif,572.4090544983367,1.0,0
Tolipir region,2021,1511.1699999999987,14.065534246575341,64.08389041095887,2.59,14.065534246575341,32.041945205479436,1000,1,0.036,0.023,Tolipir_region_2021.tif,278.22853426507083,0.5564570685301417,0
Tolipir region,2022,1367.5399999999986,14.541452054794508,65.07550684931509,2.65,14.541452054794508,32.537753424657545,1000,1,-0.024,-0.016,Tolipir_region_2022.tif,562.90695694086,1.0,0
Tolipir region,2023,1315.8899999999992,14.056164383561663,68.05575342465755,2.53,14.056164383561663,34.027876712328776,1000,1,-0.347,-0.226,Tolipir_region_2023.tif,96.69523722383059,0.19339047444766116,0
University Town,2021,1075.6000000000004,19.58498630136986,52.464465753424655,6.67,19.58498630136986,26.232232876712327,1000,1,-0.578,-0.376,University_Town_2021.tif,161.8525535212331,0.3237051070424662,0
University Town,2022,954.3599999999997,19.767698630136984,54.70849315068498,5.77,19.767698630136984,27.35424657534249,1000,1,-0.093,-0.06,University_Town_2022.tif,404.0927469916051,0.8081854939832103,0
University Town,2023,738.4500000000004,19.74317808219176,53.51353424657535,5.1,19.74317808219176,26.756767123287673,1000,1,-0.402,-0.261,University_Town_2023.tif,306.67650551023337,0.6133530110204667,0
Hayatabad (Phases 1–7),2021,1075.6000000000004,19.58498630136986,52.464465753424655,6.67,19.58498630136986,26.232232876712327,1000,1,-0.472,-0.307,Hayatabad__Phases_1_7__2021.tif,121.7984143776396,0.24359682875527922,1
Hayatabad (Phases 1–7),2022,954.3599999999997,19.767698630136984,54.70849315068498,5.77,19.767698630136984,27.35424657534249,1000,1,-0.333,-0.216,Hayatabad__Phases_1_7__2022.tif,541.3226411679423,1.0,0
Hayatabad (Phases 1–7),2023,738.4500000000004,19.74317808219176,53.51353424657535,5.1,19.74317808219176,26.756767123287673,1000,1,-0.367,-0.239,Hayatabad__Phases_1_7__2023.tif,180.1891266762508,0.36037825335250157,0
Saddar,2021,1075.6000000000004,19.58498630136986,52.464465753424655,6.67,19.58498630136986,26.232232876712327,1000,1,-0.31,-0.202,Saddar_2021.tif,512.3138633004087,1.0,0
Saddar,2022,954.3599999999997,19.767698630136984,54.70849315068498,5.77,19.767698630136984,27.35424657534249,1000,1,0.029,0.019,Saddar_2022.tif,493.7898903001668,0.9875797806003336,0
Saddar,2023,738.4500000000004,19.74317808219176,53.51353424657535,5.1,19.74317808219176,26.756767123287673,1000,1,-0.24,-0.156,Saddar_2023.tif,565.5325792658432,1.0,0
Gulbahar,2021,1358.2199999999993,22.048958904109607,55.000986301369885,5.56,22.048958904109607,27.500493150684942,1000,1,0.115,0.075,Gulbahar_2021.tif,599.5243413940645,1.0,0
Gulbahar,2022,1164.79,22.349150684931487,56.83564383561642,3.57,22.349150684931487,28.41782191780821,1000,1,-0.003,-0.002,Gulbahar_2022.tif,504.7353834585172,1.0,0
Gulbahar,2023,1054.8200000000002,21.89315068493152,58.3455342465753,3.46,21.89315068493152,29.17276712328765,1000,1,-0.051,-0.033,Gulbahar_2023.tif,543.8486893062408,1.0,0
Kohat Road,2021,1075.6000000000004,19.58498630136986,52.464465753424655,6.67,19.58498630136986,26.232232876712327,1000,1,0.163,0.106,Kohat_Road_2021.tif,453.9498304010743,0.9078996608021486,0
Kohat Road,2022,954.3599999999997,19.767698630136984,54.70849315068498,5.77,19.767698630136984,27.35424657534249,1000,1,-0.357,-0.232,Kohat_Road_2022.tif,577.0199396264558,1.0,0
Kohat Road,2023,738.4500000000004,19.74317808219176,53.51353424657535,5.1,19.74317808219176,26.756767123287673,1000,1,0.077,0.05,Kohat_Road_2023.tif,347.5727894023988,0.6951455788047977,0
Ring Road Area,2021,1075.6000000000004,19.58498630136986,52.464465753424655,6.67,19.58498630136986,26.232232876712327,1000,1,0.054,0.035,Ring_Road_Area_2021.tif,241.52381204189984,0.4830476240837997,0
Ring Road Area,2022,954.3599999999997,19.767698630136984,54.70849315068498,5.77,19.767698630136984,27.35424657534249,1000,1,-0.053,-0.034,Ring_Road_Area_2022.tif,592.414468267987,1.0,0
Ring Road Area,2023,738.4500000000004,19.74317808219176,53.51353424657535,5.1,19.74317808219176,26.756767123287673,1000,1,-0.429,-0.279,Ring_Road_Area_2023.tif,216.02161463833448,0.432043229276669,0
Tehkal,2021,1075.6000000000004,19.58498630136986,52.464465753424655,6.67,19.58498630136986,26.232232876712327,1000,1,-0.437,-0.284,Tehkal_2021.tif,593.2287036011653,1.0,0
Tehkal,2022,954.3599999999997,19.767698630136984,54.70849315068498,5.77,19.767698630136984,27.35424657534249,1000,1,-0.065,-0.042,Tehkal_2022.tif,319.2984085157108,0.6385968170314216,0
Tehkal,2023,738.4500000000004,19.74317808219176,53.51353424657535,5.1,19.74317808219176,26.756767123287673,1000,1,-0.103,-0.067,Tehkal_2023.tif,193.97026688935372,0.38794053377870746,0
Dabgari,2021,1075.6000000000004,19.58498630136986,52.464465753424655,6.67,19.58498630136986,26.232232876712327,1000,1,0.136,0.088,Dabgari_2021.tif,303.69064301796203,0.6073812860359241,0
Dabgari,2022,954.3599999999997,19.767698630136984,54.70849315068498,5.77,19.767698630136984,27.35424657534249,1000,1,0.397,0.258,Dabgari_2022.tif,452.67621060327764,0.9053524212065552,0
Dabgari,2023,738.4500000000004,19.74317808219176,53.51353424657535,5.1,19.74317808219176,26.756767123287673,1000,1,0.098,0.064,Dabgari_2023.tif,566.0478129025705,1.0,0
Hashtnagri,2021,1075.6000000000004,19.58498630136986,52.464465753424655,6.67,19.58498630136986,26.232232876712327,1000,1,0.066,0.043,Hashtnagri_2021.tif,153.43748525145094,0.30687497050290186,0
Hashtnagri,2022,954.3599999999997,19.767698630136984,54.70849315068498,5.77,19.767698630136984,27.35424657534249,1000,1,0.017,0.011,Hashtnagri_2022.tif,106.63008768651343,0.21326017537302686,1
Hashtnagri,2023,738.4500000000004,19.74317808219176,53.51353424657535,5.1,19.74317808219176,26.756767123287673,1000,1,0.103,0.067,Hashtnagri_2023.tif,215.41820904396107,0.43083641808792217,0
Board Bazaar,2021,1075.6000000000004,19.58498630136986,52.464465753424655,6.67,19.58498630136986,26.232232876712327,1000,1,-0.26,-0.169,Board_Bazaar_2021.tif,482.08507120767825,0.9641701424153565,0
Board Bazaar,2022,954.3599999999997,19.767698630136984,54.70849315068498,5.77,19.767698630136984,27.35424657534249,1000,1,0.045,0.029,Board_Bazaar_2022.tif,161.28691119420233,0.32257382238840465,0
Board Bazaar,2023,738.4500000000004,19.74317808219176,53.51353424657535,5.1,19.74317808219176,26.756767123287673,1000,1,0.013,0.008,Board_Bazaar_2023.tif,342.50454151775585,0.6850090830355117,0
Jinnahabad,2021,1914.8600000000001,18.892109589041095,59.64295890410956,3.05,18.892109589041095,29.82147945205478,1000,1,0.263,0.171,Jinnahabad_2021.tif,285.7341253901234,0.5714682507802468,0
Jinnahabad,2022,1603.629999999999,19.19210958904109,61.42246575342464,3.15,19.19210958904109,30.71123287671232,1000,1,-0.165,-0.107,Jinnahabad_2022.tif,490.6069438273875,0.981213887654775,0
Jinnahabad,2023,1526.3199999999986,18.61082191780822,64.28630136986303,2.8,18.61082191780822,32.14315068493151,1000,1,0.108,0.07,Jinnahabad_2023.tif,435.21850242812405,0.8704370048562481,0
Mandian,2021,1914.8600000000001,18.892109589041095,59.64295890410956,3.05,18.892109589041095,29.82147945205478,1000,1,0.353,0.229,Mandian_2021.tif,530.2572657783494,1.0,0
Mandian,2022,1603.629999999999,19.19210958904109,61.42246575342464,3.15,19.19210958904109,30.71123287671232,1000,1,0.125,0.081,Mandian_2022.tif,453.23902541132776,0.9064780508226555,0
Mandian,2023,1526.3199999999986,18.61082191780822,64.28630136986303,2.8,18.61082191780822,32.14315068493151,1000,1,-0.019,-0.012,Mandian_2023.tif,351.80920808455403,0.703618416169108,0
Supply Bazaar,2021,1914.8600000000001,18.892109589041095,59.64295890410956,3.05,18.892109589041095,29.82147945205478,1000,1,0.217,0.141,Supply_Bazaar_2021.tif,511.5378933277381,1.0,0
Supply Bazaar,2022,1603.629999999999,19.19210958904109,61.42246575342464,3.15,19.19210958904109,30.71123287671232,1000,1,-0.438,-0.285,Supply_Bazaar_2022.tif,544.1023326253205,1.0,0
Supply Bazaar,2023,1526.3199999999986,18.61082191780822,64.28630136986303,2.8,18.61082191780822,32.14315068493151,1000,1,-0.196,-0.127,Supply_Bazaar_2023.tif,86.76284919420621,0.17352569838841242,1
Kehal,2021,1914.8600000000001,18.892109589041095,59.64295890410956,3.05,18.892109589041095,29.82147945205478,1000,1,0.154,0.1,Kehal_2021.tif,569.884651175386,1.0,0
Kehal,2022,1603.629999999999,19.19210958904109,61.42246575342464,3.15,19.19210958904109,30.71123287671232,1000,1,-0.319,-0.207,Kehal_2022.tif,430.3354520658486,0.8606709041316972,0
Kehal,2023,1526.3199999999986,18.61082191780822,64.28630136986303,2.8,18.61082191780822,32.14315068493151,1000,1,-0.126,-0.082,Kehal_2023.tif,588.8361277840244,1.0,0
Malikpura,2021,1914.8600000000001,18.892109589041095,59.64295890410956,3.05,18.892109589041095,29.82147945205478,1000,1,0.213,0.138,Malikpura_2021.tif,130.96625402410382,0.2619325080482076,1
Malikpura,2022,1603.629999999999,19.19210958904109,61.42246575342464,3.15,19.19210958904109,30.71123287671232,1000,1,0.272,0.177,Malikpura_2022.tif,562.7182507240109,1.0,0
Malikpura,2023,1526.3199999999986,18.61082191780822,64.28630136986303,2.8,18.61082191780822,32.14315068493151,1000,1,-0.261,-0.17,Malikpura_2023.tif,180.94191597369726,0.36188383194739454,0
Nawanshehr,2021,1914.8600000000001,18.892109589041095,59.64295890410956,3.05,18.892109589041095,29.82147945205478,1000,1,-0.565,-0.367,Nawanshehr_2021.tif,336.5156120936576,0.6730312241873152,0
Nawanshehr,2022,1603.629999999999,19.19210958904109,61.42246575342464,3.15,19.19210958904109,30.71123287671232,1000,1,-0.295,-0.192,Nawanshehr_2022.tif,52.469310127333834,0.10493862025466767,1
Nawanshehr,2023,1526.3199999999986,18.61082191780822,64.28630136986303,2.8,18.61082191780822,32.14315068493151,1000,1,-0.136,-0.088,Nawanshehr_2023.tif,92.49415160886198,0.18498830321772397,1
PMA / Kakul Area,2021,1914.8600000000001,18.892109589041095,59.64295890410956,3.05,18.892109589041095,29.82147945205478,1000,1,-0.467,-0.304,PMA___Kakul_Area_2021.tif,345.02797442817325,0.6900559488563465,0
PMA / Kakul Area,2022,1603.629999999999,19.19210958904109,61.42246575342464,3.15,19.19210958904109,30.71123287671232,1000,1,0.161,0.105,PMA___Kakul_Area_2022.tif,543.6613978071854,1.0,0
PMA / Kakul Area,2023,1526.3199999999986,18.61082191780822,64.28630136986303,2.8,18.61082191780822,32.14315068493151,1000,1,0.046,0.03,PMA___Kakul_Area_2023.tif,289.25550300033865,0.5785110060006773,0
Bilal Town,2021,1914.8600000000001,18.892109589041095,59.64295890410956,3.05,18.892109589041095,29.82147945205478,1000,1,0.435,0.283,Bilal_Town_2021.tif,589.9504743250494,1.0,0
Bilal Town,2022,1603.629999999999,19.19210958904109,61.42246575342464,3.15,19.19210958904109,30.71123287671232,1000,1,-0.144,-0.094,Bilal_Town_2022.tif,380.5390640053097,0.7610781280106194,0
Bilal Town,2023,1526.3199999999986,18.61082191780822,64.28630136986303,2.8,18.61082191780822,32.14315068493151,1000,1,0.523,0.34,Bilal_Town_2023.tif,444.6229992171723,0.8892459984343446,0
F-6,2021,1920.5399999999988,21.72720547945205,59.40893150684933,4.37,21.72720547945205,29.704465753424664,1000,1,0.394,0.256,F_6_2021.tif,392.71211146457966,0.7854242229291594,0
F-6,2022,1678.0399999999981,22.030465753424654,60.98008219178078,3.26,22.030465753424654,30.49004109589039,1000,1,-0.012,-0.008,F_6_2022.tif,280.5447612746008,0.5610895225492015,0
F-6,2023,1387.4599999999994,21.531041095890412,63.31224657534245,3.36,21.531041095890412,31.656123287671225,1000,1,0.013,0.008,F_6_2023.tif,181.93399834522526,0.3638679966904505,0
F-7,2021,1920.5399999999988,21.72720547945205,59.40893150684933,4.37,21.72720547945205,29.704465753424664,1000,1,-0.35,-0.227,F_7_2021.tif,187.58146533011822,0.3751629306602364,0
F-7,2022,1678.0399999999981,22.030465753424654,60.98008219178078,3.26,22.030465753424654,30.49004109589039,1000,1,-0.041,-0.027,F_7_2022.tif,433.05296294442593,0.8661059258888518,0
F-7,2023,1387.4599999999994,21.531041095890412,63.31224657534245,3.36,21.531041095890412,31.656123287671225,1000,1,0.176,0.114,F_7_2023.tif,575.5778401387229,1.0,0
F-8,2021,1920.5399999999988,21.72720547945205,59.40893150684933,4.37,21.72720547945205,29.704465753424664,1000,1,-0.597,-0.388,F_8_2021.tif,573.139356694877,1.0,0
F-8,2022,1678.0399999999981,22.030465753424654,60.98008219178078,3.26,22.030465753424654,30.49004109589039,1000,1,0.174,0.113,F_8_2022.tif,414.12674761252794,0.8282534952250559,0
F-8,2023,1387.4599999999994,21.531041095890412,63.31224657534245,3.36,21.531041095890412,31.656123287671225,1000,1,-0.044,-0.029,F_8_2023.tif,406.28953345869286,0.8125790669173857,0
F-10,2021,1920.5399999999988,21.72720547945205,59.40893150684933,4.37,21.72720547945205,29.704465753424664,1000,1,0.397,0.258,F_10_2021.tif,268.6689854158759,0.5373379708317518,0
F-10,2022,1678.0399999999981,22.030465753424654,60.98008219178078,3.26,22.030465753424654,30.49004109589039,1000,1,0.123,0.08,F_10_2022.tif,121.7933949698976,0.2435867899397952,1
F-10,2023,1387.4599999999994,21.531041095890412,63.31224657534245,3.36,21.531041095890412,31.656123287671225,1000,1,-0.031,-0.02,F_10_2023.tif,58.05190933551422,0.11610381867102844,1
F-11,2021,1920.5399999999988,21.72720547945205,59.40893150684933,4.37,21.72720547945205,29.704465753424664,1000,1,-0.069,-0.045,F_11_2021.tif,230.05270106948444,0.4601054021389689,0
F-11,2022,1678.0399999999981,22.030465753424654,60.98008219178078,3.26,22.030465753424654,30.49004109589039,1000,1,0.168,0.109,F_11_2022.tif,165.69137308351978,0.33138274616703955,0
F-11,2023,1387.4599999999994,21.531041095890412,63.31224657534245,3.36,21.531041095890412,31.656123287671225,1000,1,-0.207,-0.135,F_11_2023.tif,144.9992389103128,0.2899984778206256,1
G-6,2021,1920.5399999999988,21.72720547945205,59.40893150684933,4.37,21.72720547945205,29.704465753424664,1000,1,0.208,0.135,G_6_2021.tif,182.34251874197258,0.36468503748394515,0
G-6,2022,1678.0399999999981,22.030465753424654,60.98008219178078,3.26,22.030465753424654,30.49004109589039,1000,1,0.256,0.166,G_6_2022.tif,339.89633488806925,0.6797926697761385,0
G-6,2023,1387.4599999999994,21.531041095890412,63.31224657534245,3.36,21.531041095890412,31.656123287671225,1000,1,0.492,0.32,G_6_2023.tif,212.0845941380033,0.4241691882760066,0
G-7,2021,1920.5399999999988,21.72720547945205,59.40893150684933,4.37,21.72720547945205,29.704465753424664,1000,1,-0.054,-0.035,G_7_2021.tif,186.1374206161895,0.37227484123237903,0
G-7,2022,1678.0399999999981,22.030465753424654,60.98008219178078,3.26,22.030465753424654,30.49004109589039,1000,1,0.147,0.096,G_7_2022.tif,574.9590648302112,1.0,0
G-7,2023,1387.4599999999994,21.531041095890412,63.31224657534245,3.36,21.531041095890412,31.656123287671225,1000,1,-0.084,-0.055,G_7_2023.tif,72.56197347180813,0.14512394694361627,1
G-8,2021,1920.5399999999988,21.72720547945205,59.40893150684933,4.37,21.72720547945205,29.704465753424664,1000,1,-0.325,-0.211,G_8_2021.tif,310.24463188432105,0.6204892637686421,0
G-8,2022,1678.0399999999981,22.030465753424654,60.98008219178078,3.26,22.030465753424654,30.49004109589039,1000,1,0.173,0.112,G_8_2022.tif,514.557631068993,1.0,0
G-8,2023,1387.4599999999994,21.531041095890412,63.31224657534245,3.36,21.531041095890412,31.656123287671225,1000,1,0.189,0.123,G_8_2023.tif,70.115784489342,0.140231568978684,1
G-9,2021,1920.5399999999988,21.72720547945205,59.40893150684933,4.37,21.72720547945205,29.704465753424664,1000,1,-0.235,-0.153,G_9_2021.tif,329.2544632324075,0.658508926464815,0
G-9,2022,1678.0399999999981,22.030465753424654,60.98008219178078,3.26,22.030465753424654,30.49004109589039,1000,1,0.41,0.267,G_9_2022.tif,554.4609048275493,1.0,0
G-9,2023,1387.4599999999994,21.531041095890412,63.31224657534245,3.36,21.531041095890412,31.656123287671225,1000,1,0.372,0.242,G_9_2023.tif,360.04067173889115,0.7200813434777823,0
G-10,2021,1920.5399999999988,21.72720547945205,59.40893150684933,4.37,21.72720547945205,29.704465753424664,1000,1,0.129,0.084,G_10_2021.tif,516.5524082865088,1.0,0
G-10,2022,1678.0399999999981,22.030465753424654,60.98008219178078,3.26,22.030465753424654,30.49004109589039,1000,1,0.176,0.114,G_10_2022.tif,256.01584387793207,0.5120316877558642,0
G-10,2023,1387.4599999999994,21.531041095890412,63.31224657534245,3.36,21.531041095890412,31.656123287671225,1000,1,0.097,0.063,G_10_2023.tif,477.0048626133777,0.9540097252267554,0
G-11,2021,1920.5399999999988,21.72720547945205,59.40893150684933,4.37,21.72720547945205,29.704465753424664,1000,1,-0.157,-0.102,G_11_2021.tif,90.3760843634777,0.1807521687269554,1
G-11,2022,1678.0399999999981,22.030465753424654,60.98008219178078,3.26,22.030465753424654,30.49004109589039,1000,1,-0.011,-0.007,G_11_2022.tif,129.03928878567973,0.25807857757135944,1
G-11,2023,1387.4599999999994,21.531041095890412,63.31224657534245,3.36,21.531041095890412,31.656123287671225,1000,1,-0.343,-0.223,G_11_2023.tif,375.1050368772725,0.750210073754545,0
I-8,2021,1920.5399999999988,21.72720547945205,59.40893150684933,4.37,21.72720547945205,29.704465753424664,1000,1,-0.502,-0.326,I_8_2021.tif,359.32131391448297,0.7186426278289659,0
I-8,2022,1678.0399999999981,22.030465753424654,60.98008219178078,3.26,22.030465753424654,30.49004109589039,1000,1,0.364,0.237,I_8_2022.tif,262.30993751767625,0.5246198750353525,0
I-8,2023,1387.4599999999994,21.531041095890412,63.31224657534245,3.36,21.531041095890412,31.656123287671225,1000,1,-0.504,-0.328,I_8_2023.tif,372.87703229739225,0.7457540645947845,0
I-9,2021,1920.5399999999988,21.72720547945205,59.40893150684933,4.37,21.72720547945205,29.704465753424664,1000,1,0.36,0.234,I_9_2021.tif,233.96396578667984,0.46792793157335966,0
I-9,2022,1678.0399999999981,22.030465753424654,60.98008219178078,3.26,22.030465753424654,30.49004109589039,1000,1,-0.133,-0.086,I_9_2022.tif,384.64531388918175,0.7692906277783635,0
I-9,2023,1387.4599999999994,21.531041095890412,63.31224657534245,3.36,21.531041095890412,31.656123287671225,1000,1,0.136,0.088,I_9_2023.tif,123.16329327233538,0.24632658654467077,1
I-10,2021,1920.5399999999988,21.72720547945205,59.40893150684933,4.37,21.72720547945205,29.704465753424664,1000,1,0.073,0.047,I_10_2021.tif,340.98149419972856,0.6819629883994571,0
I-10,2022,1678.0399999999981,22.030465753424654,60.98008219178078,3.26,22.030465753424654,30.49004109589039,1000,1,0.254,0.165,I_10_2022.tif,572.901702222304,1.0,0
I-10,2023,1387.4599999999994,21.531041095890412,63.31224657534245,3.36,21.531041095890412,31.656123287671225,1000,1,-0.151,-0.098,I_10_2023.tif,128.62176334226595,0.2572435266845319,1
E-7 (Diplomatic area),2021,1920.5399999999988,21.72720547945205,59.40893150684933,4.37,21.72720547945205,29.704465753424664,1000,1,-0.138,-0.09,E_7__Diplomatic_area__2021.tif,182.2000066956936,0.36440001339138717,0
E-7 (Diplomatic area),2022,1678.0399999999981,22.030465753424654,60.98008219178078,3.26,22.030465753424654,30.49004109589039,1000,1,0.185,0.12,E_7__Diplomatic_area__2022.tif,482.88328146264297,0.965766562925286,0
E-7 (Diplomatic area),2023,1387.4599999999994,21.531041095890412,63.31224657534245,3.36,21.531041095890412,31.656123287671225,1000,1,0.352,0.229,E_7__Diplomatic_area__2023.tif,196.11918481230234,0.3922383696246047,0
Bahria Town (nearby),2021,1920.5399999999988,21.72720547945205,59.40893150684933,4.37,21.72720547945205,29.704465753424664,1000,1,0.115,0.075,Bahria_Town__nearby__2021.tif,433.16362171114883,0.8663272434222977,0
Bahria Town (nearby),2022,1678.0399999999981,22.030465753424654,60.98008219178078,3.26,22.030465753424654,30.49004109589039,1000,1,0.015,0.01,Bahria_Town__nearby__2022.tif,80.95199295399055,0.1619039859079811,1
Bahria Town (nearby),2023,1387.4599999999994,21.531041095890412,63.31224657534245,3.36,21.531041095890412,31.656123287671225,1000,1,0.103,0.067,Bahria_Town__nearby__2023.tif,74.12146524808254,0.14824293049616508,1
DHA Islamabad,2021,1920.5399999999988,21.72720547945205,59.40893150684933,4.37,21.72720547945205,29.704465753424664,1000,1,0.015,0.01,DHA_Islamabad_2021.tif,498.8772366358883,0.9977544732717767,0
DHA Islamabad,2022,1678.0399999999981,22.030465753424654,60.98008219178078,3.26,22.030465753424654,30.49004109589039,1000,1,-0.261,-0.17,DHA_Islamabad_2022.tif,416.83194678099443,0.8336638935619889,0
DHA Islamabad,2023,1387.4599999999994,21.531041095890412,63.31224657534245,3.36,21.531041095890412,31.656123287671225,1000,1,0.044,0.029,DHA_Islamabad_2023.tif,65.77779959923394,0.13155559919846788,1
Bani Gala,2021,1920.5399999999988,21.72720547945205,59.40893150684933,4.37,21.72720547945205,29.704465753424664,1000,1,-0.284,-0.185,Bani_Gala_2021.tif,566.067621182328,1.0,0
Bani Gala,2022,1678.0399999999981,22.030465753424654,60.98008219178078,3.26,22.030465753424654,30.49004109589039,1000,1,0.298,0.194,Bani_Gala_2022.tif,401.92622763772096,0.8038524552754419,0
Bani Gala,2023,1387.4599999999994,21.531041095890412,63.31224657534245,3.36,21.531041095890412,31.656123287671225,1000,1,0.357,0.232,Bani_Gala_2023.tif,394.79058370295786,0.7895811674059158,0
Gulberg,2021,799.8199999999996,25.04468493150681,49.95536986301373,3.59,25.04468493150681,24.977684931506865,1000,1,0.042,0.027,Gulberg_2021.tif,341.61668495615714,0.6832333699123143,0
Gulberg,2022,830.9099999999995,25.293178082191776,52.9522191780822,5.09,25.293178082191776,26.4761095890411,1000,1,-0.149,-0.097,Gulberg_2022.tif,136.13676898353623,0.27227353796707243,1
Gulberg,2023,1202.7500000000002,24.076219178082205,57.35038356164385,3.38,24.076219178082205,28.675191780821926,1000,1,0.386,0.251,Gulberg_2023.tif,172.31909946386543,0.34463819892773084,0
DHA (Phases 1–9),2021,799.8199999999996,25.04468493150681,49.95536986301373,3.59,25.04468493150681,24.977684931506865,1000,1,-0.115,-0.075,DHA__Phases_1_9__2021.tif,202.08292352031967,0.40416584704063935,0
DHA (Phases 1–9),2022,830.9099999999995,25.293178082191776,52.9522191780822,5.09,25.293178082191776,26.4761095890411,1000,1,0.216,0.14,DHA__Phases_1_9__2022.tif,185.81414214668942,0.37162828429337885,0
DHA (Phases 1–9),2023,1202.7500000000002,24.076219178082205,57.35038356164385,3.38,24.076219178082205,28.675191780821926,1000,1,-0.064,-0.042,DHA__Phases_1_9__2023.tif,410.3853585750539,0.8207707171501077,0
Johar Town,2021,799.8199999999996,25.04468493150681,49.95536986301373,3.59,25.04468493150681,24.977684931506865,1000,1,-0.14,-0.091,Johar_Town_2021.tif,408.48310348072283,0.8169662069614456,0
Johar Town,2022,830.9099999999995,25.293178082191776,52.9522191780822,5.09,25.293178082191776,26.4761095890411,1000,1,0.182,0.118,Johar_Town_2022.tif,266.32106979763023,0.5326421395952604,0
Johar Town,2023,1202.7500000000002,24.076219178082205,57.35038356164385,3.38,24.076219178082205,28.675191780821926,1000,1,-0.389,-0.253,Johar_Town_2023.tif,509.5666722253221,1.0,0
Model Town,2021,799.8199999999996,25.04468493150681,49.95536986301373,3.59,25.04468493150681,24.977684931506865,1000,1,-0.094,-0.061,Model_Town_2021.tif,372.3577899204019,0.7447155798408038,0
Model Town,2022,830.9099999999995,25.293178082191776,52.9522191780822,5.09,25.293178082191776,26.4761095890411,1000,1,0.214,0.139,Model_Town_2022.tif,283.20445706034474,0.5664089141206895,0
Model Town,2023,1202.7500000000002,24.076219178082205,57.35038356164385,3.38,24.076219178082205,28.675191780821926,1000,1,-0.49,-0.319,Model_Town_2023.tif,440.83642393836277,0.8816728478767255,0
Township,2021,799.8199999999996,25.04468493150681,49.95536986301373,3.59,25.04468493150681,24.977684931506865,1000,1,0.261,0.17,Township_2021.tif,67.97093636556063,0.13594187273112127,1
Township,2022,830.9099999999995,25.293178082191776,52.9522191780822,5.09,25.293178082191776,26.4761095890411,1000,1,0.199,0.129,Township_2022.tif,405.54548942822873,0.8110909788564574,0
Township,2023,1202.7500000000002,24.076219178082205,57.35038356164385,3.38,24.076219178082205,28.675191780821926,1000,1,0.223,0.145,Township_2023.tif,378.77375524580856,0.7575475104916172,0
Cantt,2021,799.8199999999996,25.04468493150681,49.95536986301373,3.59,25.04468493150681,24.977684931506865,1000,1,0.078,0.051,Cantt_2021.tif,311.2678536796375,0.622535707359275,0
Cantt,2022,830.9099999999995,25.293178082191776,52.9522191780822,5.09,25.293178082191776,26.4761095890411,1000,1,-0.105,-0.068,Cantt_2022.tif,446.54925432166027,0.8930985086433205,0
Cantt,2023,1202.7500000000002,24.076219178082205,57.35038356164385,3.38,24.076219178082205,28.675191780821926,1000,1,0.023,0.015,Cantt_2023.tif,522.0797999279049,1.0,0
Wapda Town,2021,799.8199999999996,25.04468493150681,49.95536986301373,3.59,25.04468493150681,24.977684931506865,1000,1,-0.193,-0.125,Wapda_Town_2021.tif,51.50629274894655,0.1030125854978931,1
Wapda Town,2022,830.9099999999995,25.293178082191776,52.9522191780822,5.09,25.293178082191776,26.4761095890411,1000,1,-0.216,-0.14,Wapda_Town_2022.tif,543.0452900733364,1.0,0
Wapda Town,2023,1202.7500000000002,24.076219178082205,57.35038356164385,3.38,24.076219178082205,28.675191780821926,1000,1,-0.2,-0.13,Wapda_Town_2023.tif,478.4202934779172,0.9568405869558344,0
Bahria Town,2021,799.8199999999996,25.04468493150681,49.95536986301373,3.59,25.04468493150681,24.977684931506865,1000,1,0.187,0.122,Bahria_Town_2021.tif,289.1516003129301,0.5783032006258602,0
Bahria Town,2022,830.9099999999995,25.293178082191776,52.9522191780822,5.09,25.293178082191776,26.4761095890411,1000,1,0.077,0.05,Bahria_Town_2022.tif,597.89476668724,1.0,0
Bahria Town,2023,1202.7500000000002,24.076219178082205,57.35038356164385,3.38,24.076219178082205,28.675191780821926,1000,1,0.013,0.008,Bahria_Town_2023.tif,549.3812627664231,1.0,0
Valencia,2021,799.8199999999996,25.04468493150681,49.95536986301373,3.59,25.04468493150681,24.977684931506865,1000,1,0.429,0.279,Valencia_2021.tif,439.98239487786714,0.8799647897557342,0
Valencia,2022,830.9099999999995,25.293178082191776,52.9522191780822,5.09,25.293178082191776,26.4761095890411,1000,1,-0.282,-0.183,Valencia_2022.tif,488.2009250862197,0.9764018501724394,0
Valencia,2023,1202.7500000000002,24.076219178082205,57.35038356164385,3.38,24.076219178082205,28.675191780821926,1000,1,-0.052,-0.034,Valencia_2023.tif,185.76553527005817,0.37153107054011636,0
Allama Iqbal Town,2021,799.8199999999996,25.04468493150681,49.95536986301373,3.59,25.04468493150681,24.977684931506865,1000,1,0.476,0.309,Allama_Iqbal_Town_2021.tif,279.8454443652307,0.5596908887304615,0
Allama Iqbal Town,2022,830.9099999999995,25.293178082191776,52.9522191780822,5.09,25.293178082191776,26.4761095890411,1000,1,0.134,0.087,Allama_Iqbal_Town_2022.tif,54.304090577651465,0.10860818115530294,1
Allama Iqbal Town,2023,1202.7500000000002,24.076219178082205,57.35038356164385,3.38,24.076219178082205,28.675191780821926,1000,1,0.207,0.135,Allama_Iqbal_Town_2023.tif,325.050210763314,0.650100421526628,0
DHA (Phases 1–8),2021,276.88,26.414931506849296,64.81906849315072,8.44,26.414931506849296,32.40953424657536,1000,1,-0.557,-0.362,DHA__Phases_1_8__2021.tif,194.00038349164393,0.38800076698328784,0
DHA (Phases 1–8),2022,782.9899999999999,25.97928767123288,71.519698630137,7.47,25.97928767123288,35.7598493150685,1000,1,0.119,0.077,DHA__Phases_1_8__2022.tif,496.0612886408359,0.9921225772816719,0
DHA (Phases 1–8),2023,160.74999999999997,26.397698630137008,65.2589589041096,7.69,26.397698630137008,32.6294794520548,1000,1,0.483,0.314,DHA__Phases_1_8__2023.tif,232.7695195735044,0.4655390391470088,0
Clifton,2021,276.88,26.414931506849296,64.81906849315072,8.44,26.414931506849296,32.40953424657536,1000,1,-0.239,-0.155,Clifton_2021.tif,430.9678885896848,0.8619357771793695,0
Clifton,2022,782.9899999999999,25.97928767123288,71.519698630137,7.47,25.97928767123288,35.7598493150685,1000,1,-0.112,-0.073,Clifton_2022.tif,548.9136995815416,1.0,0
Clifton,2023,160.74999999999997,26.397698630137008,65.2589589041096,7.69,26.397698630137008,32.6294794520548,1000,1,0.393,0.255,Clifton_2023.tif,444.9663426189272,0.8899326852378543,0
Gulshan-e-Iqbal,2021,276.88,26.414931506849296,64.81906849315072,8.44,26.414931506849296,32.40953424657536,1000,1,0.277,0.18,Gulshan_e_Iqbal_2021.tif,414.9585563122313,0.8299171126244625,0
Gulshan-e-Iqbal,2022,782.9899999999999,25.97928767123288,71.519698630137,7.47,25.97928767123288,35.7598493150685,1000,1,0.396,0.257,Gulshan_e_Iqbal_2022.tif,584.1297622203779,1.0,0
Gulshan-e-Iqbal,2023,160.74999999999997,26.397698630137008,65.2589589041096,7.69,26.397698630137008,32.6294794520548,1000,1,0.26,0.169,Gulshan_e_Iqbal_2023.tif,462.24829515483907,0.9244965903096781,0
North Nazimabad,2021,276.88,26.414931506849296,64.81906849315072,8.44,26.414931506849296,32.40953424657536,1000,1,0.116,0.075,North_Nazimabad_2021.tif,60.20433908886007,0.12040867817772014,1
North Nazimabad,2022,782.9899999999999,25.97928767123288,71.519698630137,7.47,25.97928767123288,35.7598493150685,1000,1,0.218,0.142,North_Nazimabad_2022.tif,93.23660248917503,0.18647320497835004,1
North Nazimabad,2023,160.74999999999997,26.397698630137008,65.2589589041096,7.69,26.397698630137008,32.6294794520548,1000,1,0.025,0.016,North_Nazimabad_2023.tif,464.64468676777284,0.9292893735355456,0
North Karachi,2021,276.88,26.414931506849296,64.81906849315072,8.44,26.414931506849296,32.40953424657536,1000,1,-0.2,-0.13,North_Karachi_2021.tif,437.13839188099615,0.8742767837619924,0
North Karachi,2022,782.9899999999999,25.97928767123288,71.519698630137,7.47,25.97928767123288,35.7598493150685,1000,1,0.422,0.274,North_Karachi_2022.tif,373.68514831944805,0.7473702966388961,0
North Karachi,2023,160.74999999999997,26.397698630137008,65.2589589041096,7.69,26.397698630137008,32.6294794520548,1000,1,-0.193,-0.125,North_Karachi_2023.tif,528.0527454303323,1.0,0
Gulistan-e-Johar,2021,276.88,26.414931506849296,64.81906849315072,8.44,26.414931506849296,32.40953424657536,1000,1,0.267,0.174,Gulistan_e_Johar_2021.tif,452.44514740452945,0.9048902948090589,0
Gulistan-e-Johar,2022,782.9899999999999,25.97928767123288,71.519698630137,7.47,25.97928767123288,35.7598493150685,1000,1,-0.219,-0.142,Gulistan_e_Johar_2022.tif,187.91791396700714,0.37583582793401427,0
Gulistan-e-Johar,2023,160.74999999999997,26.397698630137008,65.2589589041096,7.69,26.397698630137008,32.6294794520548,1000,1,-0.385,-0.25,Gulistan_e_Johar_2023.tif,172.007612342276,0.344015224684552,0
Korangi,2021,276.88,26.414931506849296,64.81906849315072,8.44,26.414931506849296,32.40953424657536,1000,1,0.042,0.027,Korangi_2021.tif,197.85232589132454,0.3957046517826491,0
Korangi,2022,782.9899999999999,25.97928767123288,71.519698630137,7.47,25.97928767123288,35.7598493150685,1000,1,-0.452,-0.294,Korangi_2022.tif,192.99452602852986,0.38598905205705974,0
Korangi,2023,160.74999999999997,26.397698630137008,65.2589589041096,7.69,26.397698630137008,32.6294794520548,1000,1,0.068,0.044,Korangi_2023.tif,262.93019271767844,0.5258603854353568,0
Malir,2021,305.09999999999997,26.61983561643835,55.171506849315016,8.74,26.61983561643835,27.585753424657508,1000,1,0.007,0.005,Malir_2021.tif,584.5653341363646,1.0,0
Malir,2022,711.36,25.96049315068495,64.8827945205479,7.61,25.96049315068495,32.44139726027395,1000,1,-0.01,-0.007,Malir_2022.tif,584.756011993875,1.0,0
Malir,2023,183.75999999999996,26.551808219178103,56.14539726027395,8.01,26.551808219178103,28.072698630136976,1000,1,-0.352,-0.229,Malir_2023.tif,259.6448160702754,0.5192896321405508,0
Bahria Town Karachi,2021,305.09999999999997,26.61983561643835,55.171506849315016,8.74,26.61983561643835,27.585753424657508,1000,1,0.289,0.188,Bahria_Town_Karachi_2021.tif,353.3176169869708,0.7066352339739416,0
Bahria Town Karachi,2022,711.36,25.96049315068495,64.8827945205479,7.61,25.96049315068495,32.44139726027395,1000,1,0.0,0.0,Bahria_Town_Karachi_2022.tif,325.0287771171722,0.6500575542343444,0
Bahria Town Karachi,2023,183.75999999999996,26.551808219178103,56.14539726027395,8.01,26.551808219178103,28.072698630136976,1000,1,-0.224,-0.146,Bahria_Town_Karachi_2023.tif,589.4597305210943,1.0,0
